asin	brand	title	rating	totalReviews	price	originalPrice
B0000SX2UC	Mimarca	Dual-Band / Tri-Mode Sprint PCS Phone w/ Voice Activated Dialing & Bright White Backlit Screen	3	14	0	0
B0009N5L7K	Motorola	Motorola I265 phone	3	7	4995	0
B000SKTZ0S	Motorola	MOTOROLA C168i AT&T CINGULAR PREPAID GOPHONE CELL PHONE	27	22	9999	0
B001AO4OUC	Motorola	Motorola i335 Cell Phone Boost Mobile	33	21	0	0
B001DCJAJG	Motorola	Motorola V365 no contract cellular phone AT&T	31	12	14999	0
B001GQ3DJM	Nokia	Nokia 1680 Black Phone (T-Mobile)	27	3	0	0
B0029F2O3A	Samsung	Samsung Alias2 U750 Phone, Black (Verizon Wireless)	3	29	0	0
B002AS9WEA	Samsung	Samsung a167 Prepaid GoPhone (AT&T)	29	18	0	0
B002UHS0UI	Motorola	Verizon Wireless Motorola RAZR V3m - Silver	27	208	0	0
B002WTC1NG	Motorola	Motorola Barrage V860 Phone (Verizon Wireless)	36	352	13999	0
B0033SFV5A	Samsung	Verizon or PagePlus Samsung Smooth U350 Great Condition Blue CDMA Cell Phone	33	57	6499	0
B003FCO9XE	Samsung	Samsung Smooth Verizon Wireless Prepaid Mobile Cell Camera Phone CDMA	26	78	9999	0
B003P2VNAQ	Samsung	Samsung Rugby II, Black (AT&T)	36	70	179	0
B003W646YK	Motorola	Motorola i570 Nextel iDen PTT rugged black cell phone	29	3	79	0
B003XREZ4O	Samsung	Samsung Gusto, Black (Verizon Wireless)	34	16	9999	0
B0046REOWS	Samsung	Samsung T201G Prepaid Phone (Net10)	36	22	6494	0
B004C7NVD0	Samsung	Samsung Convoy SCH-U640 Cell Phone Ruggedized PTT 2+ megapixel Camera for Verizon	32	107	19999	0
B004GLQTG8	Samsung	Samsung R355C Net 10 Unlimited	35	146	7999	0
B004H23JXW	Samsung	Samsung Focus I917 Unlocked Phone with Windows 7 OS, 5 MP Camera, and Wi-Fi--No Warranty (Black)	34	349	0	0
B004MK9VLS	Nokia	Nokia C3 Prepaid GoPhone (AT&T) with $30 Airtime Credit	3	7	0	0
B004YBP8EY	Samsung	Samsung SA-S5260WESP Cellphone - Unlocked Phone - US Warranty - White	31	23	0	0
B005B3OXWC	Samsung	Samsung Freeform III Prepaid Phone (MetroPCS)	31	32	0	0
B006OU39QW	Samsung	Verizon Samsung Convoy U660 No Contract Rugged PTT Cell Phone Grey Verizon	41	252	0	0
B006VH79R8	Samsung	Samsung Replenish Prepaid Android Phone (Boost Mobile)	37	84	1499	0
B00727AODC	Samsung	Samsung Focus Flash I677 8GB Unlocked GSM Phone with Windows 7.5 OS, 5MP Camera, GPS, Wi-Fi, Bluetooth and FM Radio - Black	31	123	0	0
B007LU0HU0	Samsung	Samsung Replenish SPH-M580 Blue No Contract Sprint Cell Phone	25	10	24999	0
B007X6FFLS	Samsung	Samsung a157 GoPhone (AT&T)	34	305	9769	0
B0081TDISI	Motorola	Motorola Brute i686 Rugged PTT For Sprint	28	10	0	0
B00836Y6B2	Nokia	Nokia Lumia 900 Black Factory Unlocked	32	929	10998	0
B008PAW5EQ	Samsung	Samsung U365 Gusto 2 Prepaid Phone (Verizon Wireless, Prepaid)	37	74	0	0
B0096DERAG	Motorola	Motorola MC75A Hand Held Computer Windows Mobile 6.5 MC75A8-PYFSWQRA9WR	1	1	49995	0
B0096QYH80	Motorola	Motorola Droid RAZR M XT907 Verizon Wireless, 8GB, White	3	488	34999	0
B009LRMQTG	Motorola	Telcel America Motorola Pre-Paid Cell Phone - Motogo! EX431G - Black	39	196	9999	0
B00A2V7BA4	Nokia	Nokia Lumia 920, Black 32GB (AT&T)	34	468	20967	0
B00A2V7ULY	Nokia	Nokia Lumia 920, Yellow 32GB (AT&T)	3	45	18418	0
B00A408AF8	Samsung	Samsung Galaxy Express, Gray 8GB (AT&T)	29	8	38928	0
B00A7F57EM	Nokia	Nokia Lumia 822 16GB Windows Phone Black - Verizon	34	62	20416	0
B00A7F5M9W	Nokia	Nokia Lumia 822, White 16GB (Verizon Wireless)	36	23	0	0
B00ACZ0DUA	Nokia	Nokia Lumia 920 32GB Unlocked GSM Windows 8 Smartphone w/ Carl Zeiss Optics Camera - Yellow	3	74	18225	0
B00B5081MI	Samsung	Samsung A157 Unlocked GSM Cell Phone with Internet Browser, 3G Capabilities, SMS & MMS and Speakerphone - Black	24	49	11499	0
B00BV1MVJ0	Samsung	Samsung Galaxy S4 GT-I9500 Factory Unlocked Cellphone, 16GB, White	38	1	14471	0
B00CEKXJ3Y	Samsung	Samsung Galaxy S4, Black Mist 16GB (Sprint)	35	561	0	0
B00CEKXZA6	Samsung	Samsung Galaxy S4, White Frost 16GB (Sprint)	38	354	0	0
B00CGIULGC	Samsung	Samsung Galaxy Rugby Pro 4G LTE I547 Unlocked Android Ruggedized Smart Phone	32	365	0	0
B00CQAODG4	Nokia	Nokia Lumia 928, White 32GB (Verizon Wireless)	32	349	0	0
B00CS2ZWKQ	Nokia	Nokia Lumia 925 (RM-893) 4G LTE Windows 8 Smartphone GSM Unlocked	32	94	0	0
B00D35Z6OE	HUAWEI	Huawei Glory Android Prepaid Phone (Net10)	31	36	279	0
B00D99ZBR6	Samsung	Samsung Galaxy Prevail II (Boost Mobile) (Discontinued by Manufacturer)	35	314	89	0
B00E45043A	Nokia	Nokia Lumia 520 (AT&T Go Phone) No Annual Contract (Discontinued by Manufacturer)	38	4	5999	0
B00E6FGSHY	Samsung	Samsung Galaxy S4, White Frost 16GB (AT&T)	37	641	15497	0
B00E8TGT1S	Nokia	Nokia Lumia 520 Quad-Band GSM Unlocked Smartphone - Blue	21	5	0	0
B00EP2BN00	Samsung	Samsung Convoy 3, Gray (Verizon Wireless)	34	340	0	0
B00F1HVZ0Q	Samsung	Samsung Galaxy S4 M919 16GB T-Mobile 4G LTE Smartphone - Black Mist	37	111	22999	0
B00F2SKPIM	Samsung	Samsung Galaxy Note 3, Black 32GB (Verizon Wireless)	39	983	0	0
B00F3JPKCG	Nokia	Nokia Lumia 925, Black 16GB (AT&T)	27	46	5499	0
B00F9RRVUG	Samsung	Samsung a157V (AT&T Go Phone) No Annual Contract	35	299	102	0
B00FTV382C	Samsung	SAMSUNG GALAXY NOTE 3 , T-Mobile (locked) white	34	85	299	0
B00G9G0HTI	Samsung	"Samsung ATIV S Neo I187 (16GB, 1GB RAM) 4.77"" Display | Dual Camera | 2,000 mAh Battery | Windows 8.1 SmartPhone | 4G LTE | GSM Unlocked | Royal Blue"	4	10	79	0
B00HE5834Y	Motorola	Motorola Droid Ultra XT1080 16GB 4G LTE Android Smartphone W/ 10MP Camera - Black	35	30	24999	0
B00HPP3QD6	Motorola	Moto G - Verizon Prepaid Phone (Verizon Prepaid Only)	4	773	6499	0
B00HWEMZ1E	Nokia	Nokia Lumia Icon, Black 32GB (Verizon Wireless)	38	159	23371	0
B00I2KY5TM	Nokia	Nokia Lumia 928 32GB Unlocked GSM 4G LTE Windows 8 Smartphone - White	35	13	15999	0
B00IZ1X21K	Samsung	Samsung Galaxy S5, G900P 16GB White - Sprint	37	5	26999	0
B00JEHJMG8	Samsung	Samsung Galaxy S4 16GB SPH-L720 4G LTE Android - Sprint (Blue)	33	135	0	0
B00JH2WF0K	Samsung	Samsung Gusto 3, Dark Blue, Verizon Wireless	32	81	0	0
B00JH2WPO6	Samsung	Samsung ATIV SE, Silver 16GB (Verizon Wireless)	38	22	0	0
B00JS73V2U	Motorola	Motorola DROID MAXX, Black 16GB (Verizon Wireless)	41	263	0	0
B00JYR6GGM	Samsung	Samsung Gusto 3, Royal Navy Blue (Verizon Wireless Prepaid) - Discontinued by Manufacturer	33	262	0	0
B00K0NS0P4	Motorola	Motorola Moto G (1st Generation) Unlocked Cellphone, 8GB, White	4	1	20975	0
B00KM10ITK	Nokia	Nokia Lumia 635 8GB Unlocked GSM 4G LTE Windows 8.1 Quad-Core Phone - Black	35	693	10398	0
B00LAEA84S	Samsung	Samsung Galaxy S5 G900V Verizon 4G LTE Smartphone w/ 16MP Camera - Black - Verizon	32	627	0	0
B00LIYEMTC	Sony	Sony Xperia Z2 - Unlocked (White)	32	5	6063	0
B00MWI4HW0	Motorola	Motorola Moto G (2nd generation) Unlocked Cellphone, 8GB, Black	41	3	99	0
B00MWI4KKE	Motorola	Motorola Moto X (2nd generation) XT1097 GSM Unlocked Cellphone, 16GB, Black Soft Touch	35	428	0	0
B00N532A34	Samsung	Samsung Galaxy Alpha, Frosted Gold 32GB (AT&T)	31	113	0	0
B00N532DU4	Samsung	Samsung Galaxy Mega 2, Brown Black 16GB (AT&T)	32	106	0	0
B00NKR9MJA	Samsung	Samsung Galaxy Note 4, Frosted White 32GB (Sprint)	32	227	25998	0
B00NKRE7MW	Samsung	Samsung Galaxy Note 4, Frosted White 32GB (Verizon Wireless)	34	1	0	0
B00NO2WXM4	Motorola	Motorola Moto X - 2nd Generation, Black Resin 16GB (Verizon Wireless)	39	124	0	0
B00O15MWOM	Nokia	Nokia Lumia 530 White - No Contract (T-Mobile)	32	378	13328	0
B00O2ALRNS	Samsung	Samsung Galaxy S4 SGH-I337 USA GSM Unlocked Cellphone, 16GB, Frost White	28	175	15497	0
B00O2SW2IY	Motorola	Verizon 4G LTE Moto Luge by Motorola Prepaid Smartphone	31	31	7498	0
B00OEK6TWU	Samsung	Samsung Galaxy Note 3 N900A 32GB Unlocked GSM Octa-Core Smartphone w/ 13MP Camera - Black	36	431	194	0
B00OZTSY6Y	Motorola	Motorola DROID Turbo XT1254, Black Ballistic Nylon 32GB (Verizon Wireless)	36	545	14999	0
B00PLBFPAS	Nokia	Nokia Lumia 630 Windows Prepaid SmartPhone, Carrier Locked to Cricket Wireless, No Contract	33	14	12999	0
B00QFZOYFG	Samsung	Samsung Solstice II A817 Touch Screen (AT&T) No Contract	33	4	11999	0
B00QHJTOK0	Samsung	Samsung Galaxy Centura SCH-S738C - (Net10)	1	1	0	0
B00SIB3HS0	Samsung	Samsung Galaxy S4 M919 16GB Unlocked GSM 4G LTE Quad-Core Smartphone - White Frost	26	32	16993	0
B00TFAVFL4	Motorola	Motorola Moto E (2nd Generation) Locked Cellphone, Black	38	1	0	0
B00TRLXO6U	Nokia	Nokia Lumia 928 32GB Unlocked GSM 4G LTE Windows Smartphone w/ 8MP Carl Zeiss Optics Camera - Black	38	112	0	0
B00V7FXCZ2	Samsung	Samsung Galaxy S6, Black Sapphire 32GB (Verizon Wireless)	35	1	0	0
B00V7FY44A	Samsung	Samsung Galaxy S6 Edge, White Pearl 32GB (Verizon Wireless)	35	505	0	0
B00V8STWY8	Apple	Apple iPad Air MF529LL/A (32GB, Wi-Fi + at&T, White with Silver) (Renewed)	27	6	21995	0
B00VH2TWBS	Samsung	Samsung GALAXY S6 G920 32GB Unlocked GSM 4G LTE Octa-Core Smartphone - Black Sapphire	31	243	0	0
B00VQQ294C	Apple	Apple iPod Touch 16GB (5th Generation) - Space Gray (Renewed)	28	60	0	0
B00WF988BW	Samsung	Samsung Convoy 3 SCH-U680 Rugged 3G Cell Phone Verizon Wireless	37	264	16998	0
B00WHE2WCG	Samsung	Samsung Galaxy S6 G920A 32GB Unlocked GSM 4G LTE Octa-Core Android Smartphone with 16MP Camera - Black Sapphire	29	338	21988	0
B00WIYFBWI	Samsung	Samsung Galaxy S6 Edge G925F 32GB Unlocked Phone - Retail Packaging - Black Sapphire	23	7	63071	0
B00X2ZQ5RM	Samsung	Samsung Galaxy S6 32GB G920A AT&T Unlocked - Gold Platinum	28	134	0	0
B00XQVDW6Y	Motorola	Motorola Moto E LTE - No Contract Phone (U.S. Cellular)	37	64	8999	0
B00ZE8HRYK	Samsung	Samsung Galaxy S6 Active, 32 GB , Grey (AT&T)	37	325	58528	69499
B010CK8O9Q	Sony	Sony Xperia Z3 Plus E6533 32GB Black 3G/4G, Dual SIM Unlocked Factory 4G LTE - International Version No Warranty	31	4	0	0
B010V43VFA	Sony	Sony Experia Z3+ 4G LTE Unlocked 32GB Octa Core 3GB RAM E6553 (LTE USA Latin Caribbean Europe) Waterproof 23 MP No Warranty (White)	3	41	1449	0
B011AC4U7A	Samsung	Samsung Galaxy S6 G920T 32GB Unlocked GSM 4G LTE Octa-Core Android Smartphone w/ 16MP Camera - Black	33	142	0	0
B0134TVNSQ	Samsung	Samsung Galaxy S6 Edge+, Black 64GB (Sprint)	39	162	0	0
B013XAPUW6	Samsung	Samsung Galaxy Note 5, Black  64GB (Verizon Wireless)	36	799	39999	0
B014GCG150	Samsung	Samsung Galaxy J5 SM-J500H/DS GSM Factory Unlocked Smartphone, International Version (Gold)	41	645	14898	0
B014V5XDV2	Samsung	Samsung Galaxy S6 G920v 32GB Verizon Wireless CDMA Smartphone - Gold Platinum (Renewed)	32	90	12146	1343
B014VLTTC8	Samsung	Samsung Galaxy Mega 6.3 I527 16GB Unlocked GSM 4G LTE Smartphone w/ 8MP Camera - White	28	32	290	39999
B015ROR4PC	Motorola	Motorola Droid Turbo - 32GB Android Smartphone - Verizon - Gray (Renewed)	35	36	7499	0
B016WYTYFE	Samsung	Samsung Galaxy S5 SM-G900T - 16GB - Shimmery White Smart Phone - Unlocked (Renewed)	34	2	0	0
B0172EEAQQ	Nokia	Nokia 105 RM-1135 Dual-Band (850/1900 MHz) Factory Unlocked Mobile Phone, Black, 2G Network Only.	29	127	4683	528
B018OMP8ES	Samsung	Samsung Galaxy Note 5 SM-N920V Gold 32GB (Verizon Wireless)	36	799	30055	0
B018TUJE9U	Samsung	Samsung Galaxy S6 G920A 64GB Unlocked GSM 4G LTE Octa-Core Android Smartphone w/ 16MP Camera - White	33	14	0	0
B0192XJ0P6	Motorola	Motorola XT1585 Turbo 2, (32GB) 5.4'' (White, Verizon)	28	289	0	0
B019S654DO	Samsung	Samsung Galaxy S4 16GB Black SPH-L720T Tri-Band (Boost Mobile)	37	138	0	0
B019TWO7DU	HUAWEI	Huawei Nexus 6P unlocked smartphone, 64GB Gold (US Warranty)	33	2	0	0
B019VHBB32	Motorola	Motorola Droid Turbo 2 XT1585 32GB - Verizon (Black)	33	58	23999	0
B01ATTBXY8	Motorola	Motorola Droid Turbo - 32GB Android Smartphone - Verizon - Black (Renewed)	38	209	7499	0
B01AUOS8BI	Apple	Apple iPhone 6S Plus, 128GB, Rose Gold - For AT&T / T-Mobile (Renewed)	25	7	23998	0
B01BG1MW5C	Samsung	Samsung Galaxy Note 5 SM-N920T 32GB Black Smartphone for T-Mobile	35	91	0	0
B01BHEBDVW	Motorola	Motorola Droid Maxx 2 XT1565 16 GB Verizon Phone w/ 21 MP Rear Camera - White	31	26	0	0
B01BLSX96G	Samsung	Samsung Galaxy Grand Prime Prepaid Smartphone Family Mobile Powered by T-Mobile	33	9	0	0
B01CJ3SCJ6	Samsung	Samsung Galaxy S7 32GB Unlocked (Verizon Wireless) - Gold	32	250	28498	0
B01CJ3SCN2	Samsung	Samsung Galaxy S7, Black 32GB (Verizon Wireless)	36	220	0	0
B01CJ3SF02	Samsung	Samsung Galaxy GS7 Edge, Gold 32GB (Verizon Wireless)	38	37	0	0
B01CN1RZY2	Samsung	Samsung Galaxy Note 5 SM-N920T 64gb - Unlocked Cellphone GSM - Platinum Gold (T - Mobile)	27	34	0	0
B01CP4CGBE	Samsung	Samsung Galaxy GS7 Edge, Gold 32GB (Sprint)	34	25	0	0
B01CP4CGSC	Samsung	Samsung Galaxy S7, G930P Gold 32GB (Sprint)	39	56	0	0
B01CR1FQMG	Apple	Apple iPhone 6S, 64GB, Rose Gold - For AT&T / T-Mobile (Renewed)	38	1	16008	65999
B01CU22RL0	Samsung	Samsung Galaxy S7 Edge Smartphone - GSM Unlocked - 32 GB - No Warranty - Black	33	63	0	0
B01CYYYRNK	Samsung	Samsung Galaxy S7 SM-G930A AT&T Unlocked Smartphone, (Black Onyx)	31	394	2487	0
B01D0JV7AO	Samsung	Samsung Galaxy S6 SM-G920V 32GB Sapphire Black Smartphone for Verizon (Renewed)	35	1	11995	0
B01D0JXCKW	Samsung	Samsung Galaxy S6 SM-G920V 32GB Gold Smartphone for Verizon (Renewed)	35	1	15999	0
B01D1J9BGU	Samsung	Samsung Galaxy S7 Edge G935FD 32GB Unlocked GSM 4G LTE	38	783	399	0
B01D4Z97UG	Samsung	Samsung Galaxy S6 SM-G920A 32GB Unlocked GSM 4G LTE Octa-Core Smartphone w/ 16MP Camera - White (Renewed)	29	11	12299	0
B01D53A7KG	Samsung	Samsung Galaxy S6 SM-G920A 32GB White Smartphone for AT&T (Renewed)	36	139	129	0
B01DL9TVW4	Samsung	Samsung Galaxy S5 G900A Factory Unlocked Cellphone, Android 16GB, Gold	32	1	21099	0
B01DUPOOMG	Samsung	Samsung Galaxy S6 G920P 32GB Black Boost Mobile Smartphone	37	29	0	0
B01DZ2CS4U	Samsung	Samsung Galaxy S7 32GB G930V Unlocked - Black	32	250	27599	0
B01DZJFWNC	Motorola	Moto G Plus (4th Gen.) Unlocked - Black - 64GB - U.S. Warranty	35	1	0	0
B01DZJFWWS	Motorola	Moto G (4th Gen.) Unlocked - Black - 32GB	35	1	0	0
B01E7FK14S	Samsung	"Samsung Galaxy J3 Express Prime 2 SM-J327A 4G LTE 7.0 Nougat 5"" Smartphone (AT&T) - Black"	39	50	0	0
B01EIVMETG	Samsung	Samsung Galaxy J1 Mini 8GB J106H/DS Dual Sim Unlocked Phone - Retail Packaging- Black	32	169	1049	0
B01EWKHIAI	Mimarca	Microsoft Lumia 950 32GB Dual Sim NAM RM-1118 GSM Factory Unlocked - US Warranty (Black)	39	67	24299	0
B01F5FYXNO	Samsung	Samsung Galaxy J3, Verizon LTE Prepaid (Black)	36	91	13997	0
B01FCFZS3G	Samsung	Samsung Galaxy S7 Edge G935A 32GB AT&T - Black Onyx	35	211	28944	0
B01FIW1B9S	Samsung	Samsung Galaxy S7 G930T 32GB T-Mobile - Black	38	194	0	0
B01FJT7E3M	Sony	Sony Xperia XA Ultra (F3213) 4G LTE Unlocked GSM Phone w/ 6” Borderless Display, 21.5MP+16MP Cameras, Octa-Core CPU - White	36	441	11999	29999
B01FJT7MZC	Sony	Sony Xperia X Performance F8131 32GB Unlocked GSM LTE Android Phone w/ 23MP Camera - Black	39	117	169	0
B01FJT7N4W	Sony	Sony Xperia X F5121 32GB GSM 23MP Camera Phone - Graphite Black	38	200	19999	0
B01GP2XIJQ	Samsung	Samsung Galaxy Amp 2 - Cricket	39	11	19999	0
B01GXAT0CE	Apple	Apple iPhone SE, 16GB, Rose Gold - For AT&T / T-Mobile (Renewed)	38	2	13355	0
B01H93TCCM	Samsung	Samsung Galaxy S7 Active SM-G891A 32GB Sandy Gold No-Contract AT&T	36	39	0	0
B01HFJR6NW	Motorola	Motorola Droid MAXX XT1080M 16GB Black Verizon and GSM Unlocked (Certified Refurbished)	33	17	0	0
B01HFK15BU	Samsung	Samsung Galaxy S6 G920V 32GB Verizon 4G LTE Smartphone W/ 16MP Camera - White	34	45	25798	0
B01HFLRS38	Motorola	Motorola Droid MAXX XT1080M 16GB Red Verizon and GSM Unlocked (Renewed)	34	15	13499	0
B01HTZ4T8C	Samsung	Samsung Galaxy S7 G930V 32GB, Verizon, Black Onyx, Unlocked Smartphones (Renewed)	37	190	145	0
B01I0HP1Z8	Samsung	Samsung Galaxy S6 G920T Unlocked GSM 4G LTE Smartphone w/ 16MP Camera - White Pearl	29	55	0	0
B01I8V0MJQ	Samsung	Samsung Galaxy S7 32GB T-Mobile - Gold Platinum	38	194	0	0
B01INV912A	Motorola	motorola G4 16GB Smartphone	3	1	20695	0
B01J63O3KY	Samsung	"Samsung GS6 5.1"" Certified Pre-Owned Carrier Locked Phone - 32GB - White (Verizon)"	29	2	34592	0
B01J63ODA4	Samsung	Samsung Galaxy S6 (Verizon) Certified Pre-Owned Prepaid Carrier Locked, White	25	3	13365	0
B01JAWWVXW	Apple	Apple iPhone 6S Plus, 16GB, Silver - For AT&T / T-Mobile (Renewed)	41	195	1989	33999
B01K5R3GXK	Motorola	Motorola DROID Turbo XT1254 32GB Verizon Black Ballistic Nylon (Renewed)	32	77	5999	0
B01K5RGPIS	Samsung	Samsung Galaxy S6 G920A 64GB Unlocked GSM 4G LTE Octa-Core Android Smartphone with 16MP Camera - Black Sapphire	29	61	0	0
B01L9D7J00	Samsung	Samsung Convoy 4 B690 Rugged Water-Resistant Verizon Flip Phone w/ 5MP Camera - Blue	33	115	735	0
B01LEL8ABY	Motorola	"Moto Z GSM Unlocked Smartphone, 5.5"" Quad HD screen, 64GB storage, 5.2mm thin - Black"	3	305	0	0
B01LXF0WML	Sony	"Sony Xperia XZ F8332 64GB Forest Blue, 5.2"", Dual Sim, GSM Unlocked International Model, No Warranty"	39	255	26999	67999
B01LY3OB8D	Google	Google Pixel XL Phone 32GB - 5.5 inch display ( Factory Unlocked US Version ) (Very Silver)	39	455	185	0
B01LYHIUQ7	Apple	Apple iPhone 6S, 32GB, Silver - For AT&T / T-Mobile (Renewed)	41	46	15295	0
B01LZXT34U	Samsung	Samsung Galaxy S6 Edge Plus SM-G928T 32GB for T-Mobile (Renewed)	4	12	19899	0
B01M01YX15	Google	Google Pixel Phone - 5 inch display (Factory Unlocked US Version) (32GB, Quite Black)	35	302	21999	0
B01M0PADR4	Google	Google Pixel XL G2PW210032GBBK Factory Unlocked Smartphone, 32GB, 5.5-Inch Display - U.S. Version (Quite Black)	34	429	20148	0
B01M1CT4PT	Google	Google Pixel XL Phone 32GB - 5.5 inch display (Factory Unlocked US Version) (Really Blue)	38	20	28997	0
B01M1HY1E3	Sony	Sony Xperia XZ F8331 32GB Unlocked GSM 4G LTE Phone w/ 23MP Camera - Mineral Black	36	249	25999	0
B01M59QP6C	Samsung	Samsung Galaxy Note 5 SM-N920V 32GB White Smartphone for Verizon (Renewed)	32	289	16995	0
B01M6X8SDM	HUAWEI	Huawei Honor 8 Dual Camera Unlocked Phone 64GB - Sapphire Blue - GSM - US Warranty	42	1	0	0
B01MDMJGYT	Motorola	"Motorola MOTO Z PLAY (XT1635) Factory Unlocked Phone - 5.5"" Screen - 32GB - Black (International Version - No Warranty)"	41	161	169	0
B01MSC0FK8	Samsung	Samsung Galaxy S7 G930P 32GB Gold - Sprint (Renewed)	35	140	17495	0
B01MY2FEAS	Samsung	Samsung Galaxy Note 5 N920T 32GB - White (T-Mobile)	37	14	36673	0
B01MZG55UE	Samsung	Samsung Galaxy S6, G920P White Pearl 32GB - Sprint (Renewed)	31	124	13499	0
B01N064CH1	Motorola	Motorola Droid MAXX 2 XT1565 16GB Blue - Verizon Unlocked (Renewed)	33	27	12999	0
B01N0O2MFZ	Motorola	Motorola XT1601 Moto G4 Play DUAL SIM Black+Lava Cover 2GB/16GB (International Version) , GSM ONLY	35	7	14199	0
B01N1Q6V7K	Samsung	Samsung J3 - Verizon Prepaid	36	41	105	0
B01N2HPFWK	Google	"Google Pixel XL (128GB, 4GB RAM) 5.5"" AMOLED HD Display, Global 4G LTE, US Factory Unlocked Model (GSM, Verizon, Sprint) - Very Silver"	39	87	32999	39999
B01N37MPDI	Samsung	Samsung Galaxy Note 5, N920P 64GB - Gold Platinum (Sprint)	39	6	42999	0
B01N4E0RF1	Samsung	Samsung Galaxy S7 - Black - 32GB - Verizon (Renewed)	38	600	14896	0
B01N4IHGHI	Apple	Apple iPhone 6S, 16GB, Gold - For AT&T (Renewed)	37	46	150	0
B01N4R20RS	Apple	Apple iPhone 7, 32GB, Black - Fully Unlocked (Renewed)	36	4	20994	0
B01N5BOBIF	Google	"Google Pixel, 5"" 32GB (Verizon Wireless) - Black"	3	26	0	0
B01N5WQ2P4	Samsung	Samsung Galaxy Note 4 N910P 32GB Frosted White - Sprint (Renewed)	32	10	14999	0
B01N9I0RWL	Apple	Apple iPhone 6S, 128GB, Rose Gold - For AT&T / T-Mobile (Renewed)	46	3	19999	0
B01N9R1JA7	Samsung	Samsung TWSAS120VCP-3 Galaxy J1 Luna 4G LTE Total Wireless Prepaid Smartphone	37	8	6523	0
B01N9TM7KG	Samsung	"Samsung Galaxy S7 Edge, 5.5"" 32GB (Verizon Wireless) - Blue"	37	181	0	0
B01N9XOXCK	Samsung	Samsung Galaxy S7 Edge G935V 32GB Gold - Verizon (Renewed)	38	606	21997	0
B01N9YO1DS	Apple	Apple iPhone 7, 128GB, Gold - For AT&T / T-Mobile (Renewed)	35	227	215	39999
B01NB1KG8U	Samsung	Samsung Galaxy S7 Edge G935A 32GB Gold - Unlocked GSM (Renewed)	4	308	20799	0
B01NC157KR	Samsung	Samsung Galaxy Note 5 32GB N920P Gold Platinum - Sprint (Certified Refurbished)	33	69	209	22899
B01NC2MEJP	Samsung	Samsung Galaxy Note 5 32GB GSM Unlocked - Black (Renewed) (D132)	32	301	16399	0
B06WP78R6X	Samsung	Samsung Galaxy S7 Edge G935P 32GB Black - Sprint (Renewed)	36	60	19972	0
B06WRSK754	Samsung	Samsung Galaxy S6 G920A 32GB Unlocked GSM (Black Sapphire) (Renewed)	32	31	15397	24999
B06WWLYGWW	Samsung	Samsung Galaxy S6 Edge G925P 32GB White Pearl - Sprint (Certified Refurbished)	5	2	12995	0
B06X9HVVC5	Sony	Sony Xperia XA1 G3123 32GB Unlocked GSM LTE Octa-Core Phone w/ 23MP Camera - White	3	232	24999	0
B06X9X15Y8	Apple	Apple iPhone 7 Plus, 128GB, Silver - Fully Unlocked (Renewed)	39	2	29999	0
B06XGLHP8V	Apple	Apple iPhone 7 Plus, GSM Unlocked, 128GB - Rose Gold (Renewed)	35	83	288	0
B06XGZHSBS	Sony	Sony Xperia L1 G3313 16GB Unlocked GSM Quad-Core Android Phone - Pink	37	117	129	0
B06XJCHZPW	Samsung	Samsung Galaxy S6 Edge G925P 32GB Gold - Sprint (Renewed)	1	1	12495	0
B06XR1K6HR	Apple	Apple iPhone 6S Plus, 64GB, Rose Gold - For AT&T / T-Mobile (Renewed)	38	56	24999	0
B06XR8G1TX	Apple	Apple iPhone 6S, 64GB, Space Gray - Fully Unlocked (Renewed)	35	394	15688	165
B06XRG6S73	Apple	Apple iPhone 6S, 16GB, Rose Gold - For AT&T / T-Mobile (Renewed)	37	379	14357	0
B06XRJQX91	Apple	Apple iPhone 6S, 64GB, Rose Gold - For AT&T / T-Mobile (Renewed)	36	427	15888	27184
B06XRJXL3R	Apple	Apple iPhone 7 Plus 256GB Unlocked GSM Quad-Core Phone - Black (Renewed)	41	153	324	54999
B06XRN4RWL	Apple	Apple iPhone 7 Plus, 128GB, Gold - For Sprint (Renewed)	38	28	30499	0
B06XS2GWFC	Samsung	Samsung Galaxy J7 - Verizon Carrier Locked No Contract Prepaid Smartphone	36	381	17999	0
B06XS3CTJM	Apple	Apple iPhone 7 Plus 256GB Unlocked GSM 4G LTE Quad-Core Smartphone - Jet Black (Renewed)	4	193	35499	0
B06XS4978K	Apple	Apple iPhone 7 Plus 32GB Unlocked GSM 4G LTE Quad-Core Smartphone - Black (Renewed)	38	101	29999	0
B06XS98LMS	Samsung	Samsung G550T GSM 4G LTE Unlocked Galaxy ON5 Smartphone	35	58	119	0
B06XSF5C42	Samsung	Samsung Galaxy S7 Edge 32GB G935A GSM Unlocked (Renewed) (Black)	35	301	21497	0
B06XW9RMYW	Samsung	Samsung Galaxy S7 Active G891A 32GB Unlocked GSM Shatter,Dust and Water Resistant Smartphone w/ 12MP Camera (AT&T) - Sandy Gold	35	160	25599	0
B06XY93RFQ	Samsung	Samsung Galaxy Note 4 N910v 32GB Verizon Wireless CDMA Smartphone - Frosted White (Renewed)	3	116	0	0
B06XYKR7GP	Samsung	Samsung Galaxy S8+ 64GB GSM Unlocked Phone - International Version (Midnight Black)	4	54	45998	0
B06XYMCMHD	Samsung	Samsung Galaxy S8 SM-G950F Unlocked 64GB - International Version/No Warranty (GSM Only, No CDMA) (Midnight Black)	39	117	39999	0
B06XZPNYL7	Samsung	Samsung Galaxy S8 64GB GSM Unlocked Phone - International Version (Orchid Gray)	31	20	39811	0
B06XZRH5ZC	Samsung	Samsung Galaxy S8 64GB Unlocked Phone - International Version (Maple Gold)	4	117	42999	0
B06XZWNRC5	Samsung	Samsung Galaxy S8+ SM-G955U 64GB Arctic Silver AT&T	31	8	0	0
B06Y14K2C6	Samsung	"Samsung Galaxy S8+ 64GB Phone -6.2"" display - T-Mobile Unlocked (Arctic Silver)"	41	83	43998	0
B06Y14T5YW	Samsung	Samsung Galaxy S8 64GB Factory Unlocked Smartphone - US Version (Midnight Black) - US Warranty - [SM-G950UZKAXAA]	4	2	39995	49999
B06Y15CB1T	Samsung	Samsung Galaxy S8 64GB GSM Unlocked Phone - US Version (Coral Blue)	4	3	41995	0
B06Y15D68F	Samsung	Samsung Galaxy S8 64GB Unlocked Phone - US Version (Orchid Gray)	36	24	39355	0
B06Y16RL4W	Samsung	"Samsung Galaxy S8+ 64GB Factory Unlocked Smartphone - 6.2"" Screen - US Version (Midnight Black) - US Warranty [SM-G955UZKAXAA]"	37	793	39998	58999
B06Y17BL9Y	Samsung	Samsung Galaxy S8 G950U 64GB AT&T GSM Unlocked Phone - Orchid Grey	25	4	31999	0
B06Y189H68	Samsung	"Samsung Galaxy S8 64GB Phone- 5.8"" display - AT&T Unlocked (Midnight Black)"	35	48	41498	0
B06Y18MNFG	Samsung	Samsung Galaxy S7 G930T 32GB T-Mobile Unlocked - Gold (Certified Refurbished)	28	5	23495	0
B06Y29N548	Samsung	Samsung Galaxy S7 Edge G935A 32GB Unlocked GSM Smartphone w/12MP Camera - Black	35	25	24995	0
B06Y2GX8K8	Sony	"Sony Xperia XZ Premium - Unlocked Smartphone - 5.5"", 64GB - Dual SIM - Pink (US Warranty)"	4	169	495	0
B06Y3HCFZT	Samsung	"Samsung Galaxy S8+, 6.2"" 64GB (Verizon Wireless) - Midnight Black"	41	54	72999	0
B06ZZMX54B	Samsung	Samsung Galaxy J3 Emerge J327P SILVER Android Cell Phone - SPRINT	5	1	0	0
B0711S4T9J	HUAWEI	Huawei E8372h-608 Unlocked 150 Mbps 4G LTE WiFi USB Wingle (4G LTE in USA (AT&T only), Europe, Asia, Middle East and Africa) (White, Telenor Logo)	32	42	649	0
B0714DBSNH	Motorola	Verizon Motorola Moto E4 Plus Carrier Locked Prepaid Phone	38	28	12999	0
B071DQ128D	Samsung	Samsung Galaxy S8 Plus (S8+) (SM-G955FD) 4GB RAM / 64GB ROM 6.2-Inch 12MP 4G LTE Dual SIM FACTORY UNLOCKED - International Stock No Warranty (MAPLE GOLD)	41	112	44999	0
B071H9KKKF	Samsung	Samsung Galaxy S8 Plus (S8+) (SM-G955FD) 4GB RAM / 64GB ROM 6.2-Inch 12MP 4G LTE Dual SIM FACTORY UNLOCKED - International Stock No Warranty (MIDNIGHT BLACK)	4	480	45011	0
B071JP8XDJ	Sony	Sony Xperia XA1 Ultra G3223 32GB Unlocked GSM LTE Octa-Core Phone w/ 23MP - Gold	36	313	299	0
B071JPQYGK	Apple	Apple iPhone 7 Plus, AT&T Locked, 128GB - Jet Black (Renewed)	35	12	28499	54999
B071KGTRG8	Samsung	"Samsung Galaxy J7 4G LTE 5"" 16 GB GSM Unlocked - Black"	36	27	0	0
B071VGLCRX	Samsung	Samsung Galaxy S6 (SM-G920V) - 32GB Verizon + GSM Smartphone - Black Sapphire (Renewed)	37	173	13999	0
B071VTYHDQ	Motorola	Verizon Motorola Moto E4 Prepaid Phone - Carrier Locked to Verizon Prepaid	41	47	6993	0
B071W9WQ8M	Apple	Apple iPhone 6S, 32GB, Gold - For AT&T / T-Mobile (Renewed)	38	48	15199	0
B071XBH5PL	Samsung	Samsung Galaxy S8 Plus 64GB Orchid Gray AT&T	35	4	40997	0
B071ZDQ6MV	Nokia	Nokia 6 - 32 GB - Dual Sim Unlocked Smartphone (AT&T/T-Mobile/Metropcs/Cricket/Mint) - Update To Android 9.0 PIE - 5.FHD Screen - Blue - U.S. Warranty	37	558	109	179
B0721KVTMC	Samsung	Samsung Galaxy Note 5 SM-N920T 32GB Platinum Gold - T-Mobile Unlocked GSM	32	26	0	0
B0722NN2RG	Samsung	Samsung Galaxy S7 G930A 32GB Black Onyx - Unlocked GSM	37	92	23999	0
B0723HG35R	Samsung	Samsung Galaxy Tab S2 8.0 inch - 32 GB Tablet (Black) SM-T713 WiFi - (Certified Refurbished)	38	3	18995	0
B0723HG3FG	Samsung	"Samsung Galaxy J3 Prime SM-J327T 4G LTE 7.0 Nougat 5"" Smartphone (T-Mobile) - Black"	29	13	11999	0
B0724ZGB5K	Samsung	"Samsung Galaxy S8 (64GB) G950U 5.8"" 4G LTE Unlocked (GSM + CDMA, US WARRANTY) (Midnight Black)"	24	16	0	0
B072B7XSVT	Google	Google Pixel 1st Gen 32GB Factory Unlocked GSM/CDMA Smartphone for AT&T + T-Mobile + Verizon Wireless + Sprint (Quite Black)	33	33	16999	189
B072KPG9PN	Samsung	"Samsung Galaxy J3 Prime J327A 16GB 4G LTE 7.0 Nougat 5"" GSM Unlocked - Black"	37	183	12879	0
B072MQRRTR	Samsung	Samsung Galaxy S8 64GB SM-G950U Midnight Black - Sprint (Renewed)	32	9	29995	0
B072N3GKSM	Google	Google Pixel GSM Unlocked (Renewed) (32GB, Gray)	29	319	10995	0
B072QR6NKG	Samsung	Samsung Galaxy S8 64GB SM-G950U Orchid Gray - Sprint (Renewed)	39	11	30995	47795
B072R77NG5	Motorola	Motorola Moto Z2 4G LTE XT1710-09 Dual Sim Unlocked 64GB 4GB RAM Octa Core Fingerprint 5.5 International Version	32	5	296	0
B072V2BNM6	Samsung	"Samsung Galaxy J3 Prime J327A | (16GB, 1.5 RAM) | 5"" Full HD Display | Dual Camera | 2,600 mAh Battery | Android 7.0 Nougat | 4G LTE | GSM Unlocked Smartphone - (Silver)"	37	45	12999	0
B072ZWCKP5	Motorola	Motorola XT1775 Moto E Plus (4th Gen.) 32GB Unlocked Fine Gold Smartphone	42	336	24445	0
B0731HBTZ7	Apple	Apple iPhone 7 32GB, Rose Gold (Renewed)	38	452	19995	210
B0731KVYPN	Google	Google Pixel GSM Unlocked (Renewed) (128GB, Silver)	32	41	13995	0
B0732NTJ2M	Apple	Apple iPhone 6S, 16GB, Gold - For AT&T / T-Mobile (Renewed)	35	58	138	0
B0735HPCB1	Samsung	Samsung Convoy 4 B690 Rugged Water-Resistant Verizon Flip Phone w/ 5MP Camera - Blue (Renewed)	25	6	4999	5999
B0743HD6MS	Apple	Apple iPhone 7, 32GB, Silver - For AT&T / T-Mobile (Renewed)	39	30	19937	20899
B0743J3P8G	Samsung	Samsung Galaxy Tab 4 T237P 7.0-inch 16GB Sprint 4G LTE Android Tablet PC - Black (Certified Refurbished)	1	1	13895	0
B0743N1S93	Samsung	Samsung Galaxy S7 G930A 32GB Unlocked GSM 4G LTE Quad-Core Phone w/ 12MP Camera - Rose Gold (Renewed)	45	6	16799	0
B07455VT9F	Samsung	Samsung J327V Eclipse Verizon (Black)	42	16	139	0
B074MJ3Y7L	Samsung	Samsung Galaxy S7 Edge Verizon Wireless CDMA 4G LTE Smartphone w/ 12MP Camera and Infinity Screen - Silver	36	16	49999	0
B074MJDYZM	Samsung	Total Wireless Samsung Galaxy S8+ 4G LTE Prepaid Smartphone	5	2	74348	0
B074N8N1V4	HUAWEI	"Huawei Y5 Lite 2017 CRO-L23 5.0"" 4G LTE Quad Core 8GB 8MP Smarthphone Factory Unlocked (Grey) (International Version- No Warranty)"	41	12	899	0
B074P62MW8	Sony	"Sony Xperia XZ1 Factory Unlocked Phone - 5.2"" Full HD HDR Display - 64GB - Venus Pink (U.S. Warranty)"	38	81	26999	0
B074PYHP6Q	Samsung	Samsung Galaxy S8 SM-G950UZVAATT - AT&T - Midnight Black (Renewed)	28	4	26999	0
B074VDZZKW	Motorola	Motorola MOTO G5S Plus XT1806 32GB Factory Unlocked Cell Phone Blush Gold	44	11	0	0
B074VFCXB3	Motorola	"Motorola XT1806 Factory Unlocked Phone - 5.5"" Screen - 64GB - Blush Gold (U.S. Warranty)"	45	10	29999	0
B074VFRKZG	Motorola	"Motorola Moto X4 Factory Unlocked Phone - 32GB - 5.2"" - Super Black - PA8S0006US"	41	184	26184	0
B074XF6JCD	Motorola	Motorola Moto Z2 Force XT1789 64GB ATT only (Super Black)	35	20	0	0
B0751KLN39	Motorola	Motorola Moto Z2 Play XT1710-06 - 64GB Single SIM Factory Unlocked Smartphone (Dark Gray - International Version)	39	11	195	0
B07536MYBQ	Samsung	Samsung Galaxy Note8 N950U 64GB Unlocked GSM LTE Android Phone w/ Dual 12 Megapixel Camera - Midnight Black	39	546	86636	0
B0753QKW5L	Samsung	Samsung Galaxy Tab E 8in 16GB 4G LTE AT&T Unlocked Android 5.1.1 Lollipop (Renewed)	29	22	11455	0
B07579T83L	Nokia	Nokia 105 [2017] TA-1037 Only 2G Dual-Band (850/1900) Factory Unlocked Mobile Phone Black no warranty (White)	3	133	3499	0
B0757LYR7P	Samsung	Samsung Galaxy S8 SM-G950UZSAVZW - Verizon - Coral Blue (Renewed) …	5	2	28995	0
B075FL4H89	Nokia	Nokia 3310 3G - Unlocked Single SIM Feature Phone (AT&T/T-Mobile/MetroPCS/Cricket/Mint) - 2.4 Inch Screen - Charcoal	34	497	5499	59
B075FLG6MV	Nokia	"Nokia 2 - Android - 8GB - Dual SIM Unlocked Smartphone (AT&T/T-Mobile/MetroPCS/Cricket/H2O) - 5"" Screen - Black - U.S. Warranty"	31	359	19497	0
B075H3VWGN	Samsung	Samsung Galaxy S7 G930T 32GB T-Mobile Unlocked - Black	41	41	28732	0
B075QRTVNC	Sony	"Sony Xperia XA1 Plus - Unlocked Smartphone - 5.5"", 32GB - Blue (US Warranty)"	37	34	255	0
B075SKYZXY	Motorola	Motorola Moto Z2 Force XT1789 64GB Lunar Gray T-Mobile	37	56	0	0
B075SPVK8D	Samsung	Samsung Galaxy Note 8 SM-N950U 64GB Gray Verizon Unlocked -Excellent	44	54	37099	0
B075Z4NBZC	Samsung	Samsung Galaxy Note 5 SM-N920T 64GB White - T-Mobile (Certified Refurbished)	5	1	20295	0
B075ZD2WFN	Samsung	Samsung Galaxy S8+ G955U 64GB Unlocked GSM U.S. Version Smartphone w/ 12MP Camera - Orchid Gray	36	19	42997	0
B075ZDV79Y	Samsung	Samsung Galaxy S8+ G955U 64GB Unlocked GSM U.S. Version Phone w/ 12MP Camera - Arctic Silver	26	6	47998	0
B075ZGJMQY	Samsung	Samsung Galaxy Note 8 64GB Unlocked GSM LTE Android Phone w/ Dual 12 Megapixel Camera - Midnight Black	37	104	40799	0
B075ZHJ1SK	Samsung	Samsung Galaxy S8+ G955U 64GB T-Mobile GSM Smartphone w/ 12MP Camera - Arctic Silver	38	2	43998	0
B075ZHWDN2	Samsung	Samsung Galaxy S8+ G955U 64GB Unlocked GSM U.S. Version Phone w/ 12MP Camera - Midnight Black	33	10	44897	0
B07643YNY8	Apple	Apple iPhone SE, 32GB, Gold - For AT&T / T-Mobile (Renewed)	38	61	15179	24999
B0764K8Z1H	Samsung	Samsung Galaxy S8 64GB G950U AT&T Unlocked - Arctic Silver (Renewed)	41	8	27095	0
B0766HPGYP	Google	Google Pixel 2 128GB Unlocked GSM/CDMA 4G LTE Octa-Core Phone w/ 12.2MP Camera - Just Black	4	153	0	0
B0766NJPBN	Google	Google Pixel 2 GSM/CDMA Google Unlocked (Clearly White, 64GB, US warranty)	4	153	33899	0
B0766TPHSH	Google	Google Pixel 2 XL 64GB Unlocked GSM/CDMA 4G LTE Octa-Core Phone w/ 12.2MP Camera - Just Black	41	153	40988	0
B0767538YH	Google	Google Pixel 2 XL 128GB Unlocked GSM/CDMA 4G LTE Octa-Core Phone w/ 12.2MP Camera - Just Black	37	66	392	0
B076BVNGZQ	Nokia	Nokia 3310 TA-1036 Unlocked GSM 3G Android Phone - Charcoal	4	7	589	0
B076BZ18GS	Nokia	Nokia 3310 TA-1036 Unlocked GSM 3G (At&T Tmobile Metro PCS Mint Latin Caribbean) - Warm Red	37	15	0	0
B076HVSJQR	Samsung	Samsung Galaxy S8 Orchid Gray 64GB Verizon and GSM Factory Unlocked 4G LTE (Renewed)	39	1	269	0
B076KC34PM	Apple	Apple iPhone 8 64GB GSM Unlocked Smartphone, RED (Renewed)	41	26	33498	49999
B076M9RQJ2	Samsung	Samsung Galaxy S8 64GB Phone - 5.8in Unlocked Smartphone - Midnight Black (Renewed)	41	167	26999	0
B076MB4CYN	Google	"Google Pixel 32GB Phone, Very Silver, 5"" (Renewed)"	35	32	100	10999
B076QKMQ81	Google	Google GA00139-US Pixel 2 64GB Just Black Verizon Wireless Smartphone	37	23	0	0
B076XLLCQC	Samsung	Samsung Galaxy Note 8 N950 Factory Unlocked Phone 64GB Midnight Black (Renewed)	4	891	33095	0
B07753NSQZ	Apple	Apple iPhone 8, GSM Unlocked, 256GB - Space Gray (Renewed)	4	96	3498	37999
B0775451TT	Apple	Apple iPhone X, 256GB, Silver - For AT&T / T-Mobile (Renewed)	39	436	479	74999
B07755LZ67	Apple	Apple iPhone 8 Plus 64GB Unlocked GSM Phone - Space Gray (Renewed)	4	176	37499	0
B07756QYST	Apple	Apple iPhone 8, 64GB, Silver - Fully Unlocked (Renewed)	4	1	31197	0
B0775717ZP	Apple	Apple iPhone 8, 64GB, Gold - Fully Unlocked (Renewed)	4	1	3078	0
B077578VXH	Apple	Apple iPhone 8, GSM Unlocked, 64GB - Gold (Renewed)	42	72	299	31999
B077578W38	Apple	"Apple iPhone X, Unlocked 5.8"", 64GB - Space Gray (Renewed)"	39	442	44895	0
B0775H5HJW	Apple	Apple iPhone X, GSM Unlocked, 256GB - Silver (Renewed)	38	139	49999	735
B0776ZJ1C3	HUAWEI	Modem Huawei USB 3G H+ GSM Unlocked K4605 (E372) USA Latin & Caribbean Europe Bands 850/900/1900 mhz BAM	33	4	245	0
B0777V5BRJ	Samsung	Samsung Galaxy Note 5 SM-N920T 32GB T-Mobile GSM Unlocked - Sapphire Black	32	24	0	0
B077BL94N3	Samsung	Samsung Galaxy Note 8 N950U 64GB - Sprint (Midnight Black)	4	10	47998	0
B077J7H62P	Apple	Apple MGLW2LL/A iPad Air 2 9.7-Inch Retina Display, 16GB, Wi-Fi (Silver) (Renewed)	42	124	21139	0
B077MR13HM	Samsung	Samsung Galaxy S7 G930T T-Mobile Unlocked GSM - Gold	4	44	0	0
B077NJQPGB	Apple	Apple iPhone 7 256GB Unlocked GSM 4G LTE Quad-Core Smartphone - Jet Black (Renewed)	36	8	25682	0
B077NK4TZ7	Apple	Apple iPhone 7 256GB Unlocked GSM 4G LTE Quad-Core Smartphone - Rose Gold (Renewed)	21	2	22999	245
B077NTKFDB	Apple	Apple iPhone 7 Plus 256GB Unlocked GSM 4G LTE Quad-Core Smartphone - Silver (Renewed)	36	17	32997	0
B077T4MVZ6	Samsung	Samsung Galaxy G550T On5 GSM Unlocked 4G LTE Android (Does Not Work With Metro PCS) Smartphone - White - (Renewed)	25	32	9499	0
B077V219SV	Samsung	Samsung Galaxy S7 Active 32GB Camo Green GSM Unlocked	33	31	0	0
B077XM1GZM	Apple	Apple iPhone 6S Plus, 64GB, Silver - Fully Unlocked (Renewed)	38	12	2588	34999
B077YTCMH9	Samsung	Samsung Galaxy S7 EDGE G935V 32GB, Verizon/GSM Unlocked, (Renewed) (Black)	38	606	199	0
B077ZKKDWK	Sony	"Sony Xperia XA2 Ultra Factory Unlocked Phone - 6"" Screen - 32GB - Silver (U.S. Warranty)"	38	304	39999	0
B077ZMWX1W	Sony	Sony Xperia L2, Unlocked, 32GB - Black (U.S. Warranty)	38	71	24999	0
B0786PRKBP	Samsung	Samsung Galaxy S8 - Unlocked - Midnight Black (Renewed)	4	1	26499	0
B0787V183F	Google	Google Pixel 2 64 GB, Black Factory Unlocked (Renewed)	37	363	15599	17469
B0788F8DKC	Samsung	Samsung DeX Wireless Qi Desktop Charging Dock Station EE-MG950 Galaxy S8 + Note8 (Renewed)	42	63	3689	0
B0788ZD69Z	Samsung	Samsung Galaxy S8 Plus Unlocked 64GB (Midnight Black) - (Renewed)	4	1	29895	0
B078BP86SC	Samsung	Straight Talk Samsung Galaxy J7 Sky Pro 16GB Prepaid Smartphone, Black (Locked)	39	44	0	0
B078HFZVZ8	Apple	Apple iPad 2 MC774LL/A Tablet (32GB, Wifi + AT&T 3G, Black) 2nd Generation (Renewed)	32	5	1296	0
B078HL31D8	Samsung	Samsung Galaxy S7 32gb Gold AT&T	4	37	0	0
B078KGP5K5	Google	Google Pixel 2 64GB Unlocked GSM/CDMA 4G LTE Octa-Core Phone w/ 12.2MP Camera - Kinda Blue	37	9	0	0
B078RBVVCV	Motorola	Motorola Moto G5S Plus XT1805 4G LTE Unlocked GSM 32GB 4GB RAm Octa Core Dual 13MP International Version No Warranty	35	56	175	0
B078SBFV72	Apple	Apple iPad Air MF003LL/A (32GB, Wi-Fi + AT&T, Black with Space Gray) OLD VERSION (Renewed)	5	7	16619	18985
B078WZ86Y9	Apple	Apple iPhone 7, 128GB, Red - For AT&T / T-Mobile (Renewed)	33	58	23435	0
B078YXQ38Z	Samsung	Samsung Galaxy S8 Active 64GB SM-G892A Unlocked GSM - Meteor Gray (Renewed)	39	185	27495	0
B079142R7Y	ASUS	ASUS ZenFone Max Plus ZB570TL-MT67-3G32G-BL - 5.7” 1920x1080-3GB RAM - 32GB storage - LTE Unlocked Dual SIM Cell Phone - US Warranty - Silver	35	155	229	0
B0791VS3N9	HUAWEI	Huawei Mate SE Factory Unlocked 5.93” - 4GB/64GB Octa-core Processor| 16MP + 2MP Dual Camera| GSM Only |Grey (US Warranty)	43	2	34999	0
B07946VKT8	Sony	"Sony Xperia XA1 Plus G3423 LTE 5.5"" 32GB Factory Unlocked Smartphone (International Version) (Black)"	37	9	0	0
B0799QJKQ5	Samsung	Samsung Galaxy S7 Edge 32GB G935A GSM Unlocked - Pink Gold	32	2	0	0
B0799ZMY6D	Google	Google Pixel 2 XL 128 GB, Black (Renewed)	41	292	21999	0
B079C1K282	Google	Google Pixel 2 XL 64 GB, Black (Renewed)	41	254	18996	21067
B079C2Q6MH	HUAWEI	Huawei Nexus 6p 128GB - Factory Unlocked Phone - Frost (Certified Refurbished)	26	3	12995	0
B079H6RLKQ	Samsung	Samsung Galaxy S9 G960U 64GB Unlocked GSM 4G LTE Phone w/ 12MP Camera - Midnight Black	41	2	49999	59999
B079HB518K	Apple	Apple iPhone 7, 32GB, Rose Gold - For AT&T / T-Mobile (Renewed)	39	243	199	2069
B079HG7TZS	HUAWEI	"Huawei P Smart (32GB) 5.6"" Fullview Display & Dual Camera's, 4G LTE Dual-SIM Factory Unlocked w/ Fingerprint Scanner FIG-L23 International Model, No Warranty (Black)"	44	34	17999	0
B079J59FGT	Google	Google Pixel 2 XL 128GB Unlocked GSM/CDMA 4G LTE Octa-Core Phone w/ 12.2MP Camera - Black & White	33	17	0	0
B079J5MKXJ	Google	Google Pixel 2 XL 128GB Unlocked GSM/CDMA 4G LTE Octa-Core Phone w/ 12.2MP Camera - Just Black	4	24	0	0
B079K78C1Y	Google	Google Pixel XL 128GB Silver (Unlocked) - (Renewed)	41	33	15495	0
B079NM9SZL	Nokia	"Nokia 5 - Android 9.0 Pie - 16 GB - Dual SIM Unlocked Smartphone (AT&T/T-Mobile/MetroPCS/Cricket/Mint) - 5.2"" Screen - Blue"	38	45	89	0
B079NQHRPS	Nokia	"Nokia 5 (16GB, 2GB RAM) 5.2"" Polarized HD Display, Android 9.0 Pie, Dual SIM GSM (AT&T/T-Mobile/MetroPCS/Cricket/Mint) Unlocked Smartphone (Silver)"	38	31	99	139
B079PS2HZM	HUAWEI	"Huawei Ascend XT 2 | (16GB, 2GB RAM) | 5.5"" IPS Display | Dual Camera | 4000 mAh Battery | Android 7.0 Nougat | 4G LTE | GSM Unlocked | Smartphone - Silver"	39	79	9999	0
B079RJWMZG	Samsung	"Samsung Galaxy S8+, 6.2"" 64GB SPRINT Midnight Black"	33	3	89999	0
B079SQ5VHX	Samsung	Samsung Galaxy S9 (SM-G960F/DS) 4GB / 64GB 5.8-inches LTE Dual SIM (GSM Only, No CDMA) Factory Unlocked - International Stock No Warranty (Midnight Black, Phone Only)	43	122	519	0
B079TZ8NKG	Samsung	Samsung Galaxy S6 Edge G925T 64GB Gold Platinum - T-Mobile	24	2	0	0
B079TZJF9F	Samsung	Samsung Galaxy S6 Edge G925T 64GB White Pearl - T-Mobile	2	1	0	0
B079TZVTNQ	HUAWEI	Huawei R216 150 Mbps 4G LTE Mobile WiFi Hotspot Router (4G LTE in USA AT&T Europe, Asia, Middle East & Africa Digitel Orange)	3	1	499	0
B079X7DQ4Q	Samsung	Samsung Galaxy S9 Single SIM 64GB SM-G9600 Factory Unlocked 4G Smartphone (Midnight Black) -International Version - No Warranty in The USA - GSM ONLY, NO CDMA	39	95	449	0
B07B82VTX5	Sony	"Sony Xperia XZ2 Unlocked Smarphone - Dual SIM - 5.7"" Screen - 64GB - Liquid Silver (US Warranty)"	39	45	49999	0
B07B9638J2	Samsung	"Samsung Galaxy S9 Plus (6.2"", Dual SIM) 64GB SM-G965F/DS Factory Unlocked LTE Smartphone (Lilac Purple) - International Version"	43	25	61999	0
B07BBQ56WS	Samsung	Samsung Galaxy S9 Smartphone -Lilac Purple - GSM Only - International Version	35	8	44566	0
B07BBT3VXM	Samsung	Samsung Galaxy S9+ Smartphone -Lilac Purple - Carrier Locked - Sprint	38	11	0	0
B07BBZJ4G9	Samsung	Samsung Galaxy S9+ Smartphone - Midnight Black - Carrier Locked - Verizon	38	11	89999	0
B07BFCZYRM	Samsung	Samsung Galaxy S9 Plus Verizon + GSM Unlocked 64GB Midnight Black (Renewed)	42	355	37495	0
B07BFHTJTK	Samsung	Samsung Galaxy S7 Edge G935v 32GB Smartphone for Verizon Wireless CDMA, Coral Blue (Renewed)	36	27	179	0
B07BFPDGNX	Samsung	Samsung Galaxy Note 8 SM-N950U 64GB AT&T - Orchid Grey	44	54	44099	0
B07BH74WCW	Samsung	Samsung B690 convoy 4-verizon wireless (Renewed)	27	13	5899	0
B07BHT4KGM	Samsung	"Samsung Galaxy S9 Sm-G9600 Dual Sim 5.8"" Super Amoled, 64GB, 4 GB RAM, Factory Unlocked - No Warranty Midnight Black"	39	95	50309	0
B07BR995NC	Samsung	"Samsung Galaxy S8 Active (G892A) AT&T Military-Grade Durable Smartphone w/ 5.8"" Shatter-Resistant Glass, Meteor Gray"	39	94	800	0
B07BZXDZKN	HUAWEI	"Huawei Y6 2018 ATU-LX3 5.7"" FullView Display 16GB 2GB RAM Dual SIM 13 MP + 2 MP 4128 x 3096 Pixels Dual-LED Flash A-GPS Fingerprint Factory Unlocked No Warranty US (Gold)"	37	27	16999	0
B07C2VFMN2	Motorola	Motorola Z3 Play & Moto Power Pack - Unlocked (AT&T/Sprint/T-Mobile/Verizon) - 64GB - Deep Indigo (US Warranty) - PA9S0000US	41	84	22999	49999
B07C4W6KR9	Samsung	Samsung Galaxy J7 V Verizon Wireless - Silver (Renewed)	31	4	11995	0
B07C5X8Q3K	Sony	Sony Xperia XZ2 H8216 Used Like New 64GB 5.7' US & Latin 4G LTE Factory Unlocked Smartphone (Deep Green)	45	6	36275	0
B07C61QBL7	Google	Google Pixel 2 XL - 64GB Smartphone - Verizon - Just Black	35	2	0	0
B07C65MFKH	Samsung	Samsung Galaxy S9+ 64GB Unlocked GSM 4G LTE Phone - Lilac Purple (Renewed)	41	1	32199	0
B07C65XFBB	Samsung	Samsung Galaxy S9 Unlocked - 64gb - Midnight Black (Renewed)	4	1	30453	44999
B07C6FCC8G	HUAWEI	"Huawei Mate 10 Pro Unlocked Phone, 6"" 6GB/128GB, AI Processor, Dual Leica Camera, Water Resistant IP67, GSM Only - Mocha Brown (US Warranty)"	44	602	38994	0
B07C7KFZLB	Samsung	Samsung Galaxy Note 5 SM-N920T 64GB Platinum Gold - T-Mobile	41	2	0	0
B07C8H8G4L	HUAWEI	Router Hotspot 4G LTE Unlocked GSM (LTE USA AT&T T-mobile Metro Pcs Cricket Latin & Caribbean) Huawei E5573s-508 up to 10 wifi users CAT4	35	48	789	0
B07CGMQDXW	Apple	Apple iPhone 8 Plus, 64GB, Space Gray - For Verizon (Renewed)	42	1	37353	0
B07CH2FZW5	Samsung	Samsung Galaxy J3 (2016) J320V Verizon CDMA 4G LTE Quad-Core Phone w/ 8MP Camera- Black (Renewed)	32	18	0	0
B07CHW5KMY	Motorola	"Motorola Moto G6 (32GB, 3GB RAM) Dual SIM 5.7"" 4G LTE (GSM Only) Factory Unlocked Smartphone International Model XT1925-2 (Deep Indigo)"	38	212	11896	11897
B07CHWMYHP	Motorola	"Motorola Moto G6 Plus - 64GB - 5.9"" FHD+, Dual SIM 4G LTE GSM Factory Unlocked Smartphone International Model XT1926-7 (Deep Indigo)"	41	185	17494	18499
B07CHWTWYP	Motorola	"Motorola Moto G6 Play 32GB - Dual SIM 5.7"" 4G LTE (GSM Only) Factory Unlocked Smartphone International Version XT1922-5 (Deep Indigo)"	38	115	167	0
B07CJKNL9R	Samsung	Samsung Galaxy Note 5 SM-N920T 32GB T-Mobile GSM Unlocked - White Pearl (Renewed)	21	10	1519	0
B07CLT3BDN	ASUS	ASUS ZenFone 5Z (ZS620KL-S845-6G64G) - 6.2” FHD+ 2160x1080 display - 6GB RAM - 64GB storage - LTE Unlocked Dual SIM Cell Phone - US Warranty - Midnight Blue	43	97	499	0
B07CMBB6PH	HUAWEI	"HUAWEI P20 Lite (32GB + 4GB RAM) 5.84"" FHD+ Display, 4G LTE Dual SIM GSM Factory Unlocked Smartphone ANE-LX3 - International Model - No Warranty (Sakura Pink)"	43	558	22999	0
B07CT4JC7J	Google	Google Pixel 2 XL 64GB Smartphone - Verizon - Just Black (Renewed)	42	28	20351	219
B07CZR8YV4	Apple	Apple iPhone 7 Plus, 128GB, Rose Gold - Fully Unlocked (Renewed)	39	2	295	0
B07D42T6MB	Apple	Apple iPad Pro 9.7in 256GB Gold WiFi + 4G Cellular ( )(Renewed)	44	1	0	0
B07D6TQP6F	Apple	Apple iPhone X, 256GB, Silver - For AT&T (Renewed)	39	436	476	0
B07D9TTLZG	OnePlus	"OnePlus Factory Unlocked Phone - 6.28"" Screen - 64GB - Mirror Black"	1	1	42617	0
B07DCB61LG	OnePlus	"OnePlus 6 A6000 64GB/6GB Mirror Black - Dual Back Cameras, Face & Fingerprint Identification, 6.28"", Android 8.1 - International Version - No Warranty in The USA - GSM ONLY, NO CDMA"	44	59	479	0
B07DD71K4D	Nokia	"Nokia 3.1 - Android 9.0 Pie - 16 GB - Dual SIM Unlocked Smartphone (AT&T/T-Mobile/MetroPCS/Cricket/Mint) - 5.2"" Screen - White - U.S. Warranty"	35	64	109	0
B07DDD8PNQ	Nokia	"Nokia 3.1 - Android 9.0 Pie - 16 GB - Dual SIM Unlocked Smartphone (AT&T/T-Mobile/MetroPCS/Cricket/Mint) - 5.2"" Screen - Blue - U.S. Warranty"	39	77	159	0
B07DF9R73K	Sony	"Sony Xperia XZ2 Premium Unlocked Smartphone - Dual SIM - 5.8"" 4K HDR Screen - 64GB - Chrome Black (US Warranty)"	41	75	62999	0
B07DP4X68W	Samsung	Samsung Galaxy S8+ Plus 64GB Sprint (Midnight Black) (Renewed)	43	6	289	0
B07DXCGD56	Samsung	Samsung Galaxy A30 Single SIM 32GB (SM-A305G) Unlocked Phone GSM International Version - Blue	5	1	22999	0
B07DZMB1ZK	Samsung	Samsung Galaxy S8+ Plus 64GB T-Mobile GSM Unlocked (Renewed) (Orchid Gray)	42	89	289	0
B07F2PWRZR	HUAWEI	"Huawei Y5 2018 DRA-L23 DUAL SIM FullView Display 5.45"" 4G LTE Quad Core 16GB 8MP Smartphone Factory Unlocked Android GO (International Version- No Warranty) (Gold)"	4	52	8996	0
B07F3YGL26	Xiaomi	"Xiaomi Redmi S2 (32GB 3GB RAM) with AI Smart Selfie & Dual Rear Cameras,5.99""Display,Dual SIM Unlocked,Global Version,No Warranty (Gold)"	5	1	13999	155
B07FBQT1S5	Samsung	"Samsung Galaxy J6 Infinity (64GB, 4GB RAM) 5.6"" HD+ Display J600G/DS, 4G LTE Dual SIM GSM Factory Unlocked, International Version, No Warranty (Blue)"	38	38	0	0
B07FKD3H9Q	Apple	Apple iPad mini 4 (32GB, Wi-Fi + Cellular, Space Gray) (Renewed)	5	10	24999	29995
B07FKWT3JP	Sony	"Sony Xperia XA1 Plus G3423 LTE 5.5"" 32GB Factory Unlocked Smartphone International Model - (Gold)"	4	1	17999	0
B07FM9913M	Xiaomi	Unlocked GOLD Xiaomi Mi A2, 4GB 64GB, Dual SIM standby, Global Version, 5.5 inch Smartphone Android One, Dual Rear 12.0MP Camera Snapdragon 625	42	453	15949	0
B07FMD7MRX	Motorola	"Motorola Moto G6 Play 16GB - 5.7"" 4G LTE Unlocked Smartphone, US Version, XT1922-9 (Deep Indigo)"	2	4	15497	0
B07FSD86KD	Nokia	Nokia 8110 (TA-1059) 512MB/4GB 2.45-inches Factory Unlocked, International Stock (Yellow)	29	22	6199	0
B07FXRR28W	Samsung	Samsung Galaxy Note 5 SM-N920T 32GB Platinum Gold - T-Mobile	37	9	34491	0
B07FXYRG46	Samsung	Samsung Galaxy Note 5 N920A 64GB - Gold Platinum (AT&T)	4	12	0	0
B07FZH9BGV	Samsung	"Samsung Galaxy Note 9 Factory Unlocked Phone with 6.4"" Screen and 128GB (U.S. Warranty), Ocean Blue"	41	873	78105	99999
B07G3RDDXT	Samsung	Samsung Galaxy Note9 128GB (Single-SIM) SM-N960F (GSM Only, No CDMA) Factory Unlocked 4G/LTE Smartphone - International Version (Ocean Blue)	3	9	59999	0
B07G7FG26S	Apple	Apple iPhone 8, AT&T, 64GB - Red (Renewed)	4	16	320	49999
B07G7N1MD2	Motorola	Motorola e5 Play 16GB Smartphone , Black	38	52	0	0
B07G7QZKBG	Xiaomi	Xiaomi Redmi 6-64GB + 4GB RAM, Dual Camera, Dual SIM GSM Factory Unlocked Smartphone - International Global 4G LTE Version - No Warranty (Black)	42	20	13757	0
B07G8KK4XQ	Samsung	Samsung Galaxy S7 32GB GSM Unlocked Smartphone for GSM Carriers - Black	32	5	0	0
B07G8VPHG3	Xiaomi	"Xiaomi Mi A2 Lite (64GB, 4GB RAM) 5.84"" 18:9 HD Display, Dual Camera, Android One Unlocked Smartphone - International Global LTE Version (Gold)"	43	149	15449	0
B07G9PVX51	Samsung	Samsung Galaxy J7 Refine - Virgin Mobile - Prepaid Cell Phone - Carrier Locked	34	42	220	0
B07GCBWWPL	Samsung	Samsung Galaxy Note 9 SM-N960F/DS 128GB/6GB 6.4? QHD+ sAMOLED Factory Unlocked GSM (No CDMA) - International Version (No Warranty in The USA) (Ocean Blue) - Ocean Blue	43	80	648	84999
B07GDW2634	Samsung	"Samsung Galaxy J8 (2018) J810M 32GB 3GB RAM 6.0"" Octa-Core 1.8GHz 4G LTE GSM Single SIM 16.0 MP Factory Unlocked Fingerprint International Version, No Warranty (Black)"	44	5	26999	0
B07GDW4N5C	Samsung	Samsung - Galaxy Note 9 (AT&T) - (Factory Unlocked) Ocean Blue - 128 GB	38	10	66999	99999
B07GGGTT78	Motorola	Motorola Moto G4 Plus XT1642 4G LTE Dual SIM Factory Unlocked No Warranty Octacore (NO CDMA) 5.5 Inches (Black, 32GB)	3	3	139	0
B07GL4WGSF	Samsung	"Samsung Galaxy Note 9 SM-N9600 Dual SIM (128GB/6GB, Lavender Purple) 6.4"" QHD+ sAMOLED Factory Unlocked GSM (No CDMA) - International Version (No Warranty)"	41	55	575	0
B07GL6W1NR	Samsung	Samsung Galaxy Note9 N9600 128GB Unlocked GSM Duos Phone w/Dual 12MP Camera - Midnight Black (International Version) (No Warranty)	42	39	61997	64999
B07GNHMZ3N	Samsung	Samsung Galaxy Note 9 (SM-N960F/DS) 6GB / 128GB (Ocean Blue) 6.4-inches LTE Dual SIM (GSM ONLY, NO CDMA) Factory Unlocked - International Stock No Warranty	44	85	69999	0
B07GPNGWNK	Xiaomi	Xiaomi Mi 8, 6-64GB, Unlocked, Global Version (Black)	45	60	26899	0
B07GV9J7X8	Samsung	"Samsung Galaxy Note 9 SM-N960F/DS 512GB/8GB (Midnight Black) 6.4"" QHD+ sAMOLED Factory Unlocked GSM (No CDMA) - International Version (No Warranty in The USA)"	41	10	72929	0
B07GVLKNB4	ASUS	"Asus - ZenFone Live with 16GB Memory Cell Phone, 5.5"" IPS Touch Screen (Unlocked) - Midnight Black"	5	1	9445	9925
B07GVNHQV4	Motorola	Motorola Moto Z3 MOTXT192917 GSM/CDMA LTE Unlocked Droid Edition 5G Capable - Ceramic Black	36	12	449	69995
B07GW1DXFP	Samsung	Samsung Galaxy Prime 16GB J327 J3 AT&T T-Mobile Unlocked Smartphone - Silver (Renewed)	36	108	9399	0
B07GWFMLT8	Samsung	"Samsung Galaxy Note 9 SM-N960F/DS 512GB/8GB (Metallic Copper) 6.4"" QHD+ sAMOLED Factory Unlocked GSM (No CDMA) - International Version (No Warranty in The USA)"	48	18	677	0
B07GWV23X7	Samsung	Samsung Galaxy Note 5 N920A 64GB at&T GSM Unlocked - Gold Platinum	38	10	36673	0
B07GX1DBD9	ASUS	ASUS ZenFone V Smartphone - Verizon Exclusive Model - 32GB - Saphire Black (Renewed)	28	4	9698	0
B07GY16KMK	Samsung	Samsung Galaxy S8 G950U 64GB - Prepaid Boost Mobile (Orchid Gray)	32	5	0	0
B07GYK8MBD	Samsung	Samsung Galaxy J3 (2018) J337A 16GB Unlocked GSM 4G LTE Phone w/ 8MP Camera - Black	34	18	14849	16999
B07H41NB46	Xiaomi	"Xiaomi Pocophone F1 128GB Graphite Black, Dual Sim, 6GB RAM, Dual Camera, 6.18"", GSM Unlocked Global Model, No Warranty"	43	237	3145	0
B07H445L82	Samsung	Samsung SM-J737VZKAVZW Galaxy J7 V 16GB (2018) 2nd Edition for Verizon (Renewed)	36	15	88	9399
B07H6V8TB9	Sony	"Sony Xperia XZ3 Unlocked Smartphone, 64GB - 6.0"" OLED Screen -Forest Green (US Warranty) [Phone ONLY Version]"	41	83	0	0
B07H7SBBWQ	Xiaomi	Xiaomi Redmi 6 - 64GB + 4GB RAM, Dual Camera, Dual SIM GSM Factory Unlocked Smartphone - International Global 4G LTE Version - No Warranty (Black)	41	57	13948	0
B07H8Q3C9T	Samsung	Samsung Galaxy J2 Core 2018 International Version, No Warranty Factory Unlocked 4G LTE (USA Latin Caribbean) Android Oreo SM-J260M Dual Sim 8MP 8GB (Black)	41	300	85	0
B07H8QMZWV	Samsung	Samsung Galaxy Note9 Factory Unlocked Phone with 6.4in Screen and 128GB - Ocean Blue (Renewed)	41	1	399	0
B07H8SBLBC	Motorola	"Motorola Moto E5 Play XT1920-19 Factory Unlocked 16GB Dual SIM 1GB RAM 4G LTE 5.3"" LCD Display 8MP International Version (Black)"	38	117	8999	15999
B07HC3CSMR	Samsung	Samsung Galaxy S8 64 GB Unlocked Phone with FREE Cellairis Phone Case & Screen Protector	32	2	69358	0
B07HC74RMG	Samsung	Samsung Galaxy S9 Enterprise Edition 64 GB Unlocked Phone With FREE Cellairis Phone Case & Screen Protector	1	1	82669	0
B07HCQ8VDQ	Samsung	Samsung Galaxy Note 5 N920A, Black 32GB - at&T GSM Unlocked	33	50	26249	29999
B07HD3QC65	Nokia	"Nokia 7.1 - Android 9.0 Pie - 64 GB - Dual Camera - Dual SIM Unlocked Smartphone (Verizon/AT&T/T-Mobile/MetroPCS/Cricket/H2O) - 5.84"" FHD+ HDR Screen - Steel - U.S. Warranty"	33	484	209	0
B07HFHX6HX	Samsung	Samsung Galaxy Note 8 N950U 64GB Unlocked GSM 4G LTE Android Smartphone w/Dual 12 MegaPixel Camera (Renewed) (Midnight Black)	42	551	32499	0
B07HFKWDK7	Motorola	Motorola Moto G5S Plus Unlocked GSM Android Smartphone (Blush Gold)	32	52	12999	0
B07HHRF89L	Nokia	"Nokia 5 - Android 9.0 PIE - 16 GB - Single Sim Unlocked Smartphone (AT&T/T-Mobile/Metropcs/Cricket/Mint) - 5.2"" Screen - Blue"	37	20	89	0
B07HK4JNV1	Xiaomi	"Xiaomi Redmi Note 6 Pro 64GB / 4GB RAM 6.26"" Dual Camera LTE Factory Unlocked Smartphone Global Version (Black)"	43	441	1795	0
B07HKPMFZ5	Google	Google Pixel 3 XL 64GB Unlocked GSM & CDMA 4G LTE Android Phone w/ 12.2MP Rear & Dual 8MP Front Camera - Just Black (Renewed)	4	212	31997	344
B07HKQ61NV	Apple	Apple iPhone 8 a1905 64GB LTE GSM Unlocked (Renewed)	37	29	299	32897
B07HKQJ6H1	Google	Google Pixel Phone 3-64GB Clearly White (Renewed)	39	99	3039	32095
B07HMC84L1	Motorola	Motorola Moto E5 Cruise Unlocked 4G LTE (Cricket) Single Sim 16GB 2GB Ram 8MP XT1921-2 Android 8.0 Desbloqueado	5	1	1167	0
B07HQTWQVT	Sony	Sony H3123 - Black/SBH-90C/SCSH10 Xperia XA2 Accessory Bundle, (Bundle Includes: 1 Xperia XA2, 1 SBH90C Bluetooth Headset, 1 Flip Phone Case), Black	39	209	37074	0
B07HXHPNKH	Motorola	Motorola Moto E5 Play Smartphone 16GB Verizon Wireless Prepaid - Carrier Locked to Verizon Prepaid	4	28	0	0
B07J2Q68N4	Samsung	Samsung Galaxy S9 G960U Verizon + GSM Unlocked 64GB (Midnight Black)	36	29	45498	0
B07J4YLV46	Motorola	Motorola Moto Z3 MOTXT192917 Verizon Locked Edition 5G Capable - Ceramic Black (Renewed)	35	22	199	0
B07J4Z9647	HUAWEI	"Huawei Mate 20 Lite SNE-LX3 64GB (Factory Unlocked) 6.3"" FHD (International Version) (Black)"	44	422	22998	29999
B07J5GH52Q	Samsung	Samsung Qi Certified Fast Charge Wireless Charging Pad for Qi Compatible Smartphones with Built-in Cool Fan - Retail Packaging - Black	4	20	2643	0
B07J5VTRX6	Samsung	Samsung Galaxy S9 SM-G960U 64GB for T-Mobile (Renewed)	36	32	319	0
B07J62YCWB	Motorola	Motorola Z2 Force (Super Black, ATT GSM Unlocked)	39	7	39999	0
B07JB4W3L6	HUAWEI	"Huawei Mate 20 HMA-L29 Dual-SIM 128GB (4GB RAM, 6.53"" inch, Android) (GSM Only, No CDMA) Factory Unlocked 4G/LTE Smartphone (Black) - International Version"	4	1	499	0
B07JHXX5YR	Mimarca	ROG Phone Gaming Smartphone ZS600KL-S845-8G512G - 6” FHD+ 2160x1080 90Hz Display - Qualcomm Snapdragon 845 - 8GB RAM - 512GB Storage - LTE Unlocked Dual SIM Gaming Phone - US Warranty	39	126	549	599
B07JLF13KV	Samsung	"Samsung Galaxy S9 SM-G9600 Dual Sim 5.8"", Super AMOLED, 64GB,4 GB RAM Factory Unlocked No Warranty - Sunrise Gold"	39	2	50999	0
B07JML1XPT	Samsung	Samsung Galaxy Note 8 N950U 64GB - T-Mobile (Orchid Gray)	41	14	49998	0
B07JMPGNHK	Xiaomi	"Xiaomi Mi 8 Lite (64GB, 4GB RAM) 6.26"" Full Screen Display, Snapdragon 660, Dual AI Camera's, Factory Unlocked Phone - International Global 4G LTE Version (Black)"	45	242	19499	24999
B07JNKYBZ4	HUAWEI	"Huawei Y9 2019 JKM-LX3 6.5"" HiSilicon Kirin 710 64GB 3GB RAM Dual SIM A-GPS Fingerprint -Glonass No Warranty US (Blue)"	45	85	1869	19596
B07JQXJ3JK	Samsung	Samsung Galaxy S9 - GSM Unlocked - 64GB (Renewed) (Midnight Black)	5	2	3804	0
B07JVDQP47	Google	Google Pixel 3 Verizon 64GB Black	38	63	464	79999
B07JYRK4HX	Samsung	Samsung Galaxy Note 5 N920A 32GB GSM Unlocked - White	32	16	240	0
B07JZRFHTP	Samsung	Samsung Galaxy S8+ Certified Pre-Owned Factory Unlocked Phone - 6.2Inch Screen - 64GB - Midnight Black (U.S. Warranty) (Renewed)	42	11	34499	0
B07JZRL7N5	Samsung	Samsung Galaxy S8 Certified Pre-Owned Factory Unlocked Phone - 5.8Inch Screen - 64GB - Midnight Black (U.S. Warranty)(Renewed)	39	84	33348	0
B07K1M36CM	HUAWEI	Huawei Mate 20 Pro LYA-L29 128GB + 6GB - Factory Unlocked International Version - GSM ONLY, NO CDMA - No Warranty in The USA (Black)	46	153	45999	0
B07K2FZYKV	Samsung	Samsung Galaxy J7 2018 (16GB) J737A - 5.5 HD Display, Android 8.0, Octa-core 4G LTE at&T Unlocked Smartphone (Black)	4	54	20999	0
B07K3X5JTP	Google	Google - Pixel 3 XL with 64GB Memory Cell Phone (Unlocked) - Just Black	45	118	58853	899
B07K4TRTDV	Samsung	Samsung Galaxy S8 Active 64GB SM-G892U Sprint CDMA/GSM Unlocked - Meteor Gray (Renewed)	33	15	27899	0
B07K4V3364	Samsung	Samsung Galaxy S6 G920 32GB Unlocked GSM 4G LTE Octa-Core Smartphone, Gold Platinum	34	184	0	0
B07K64PTLP	Xiaomi	"Xiaomi Mi 8 Pro (128GB, 8GB RAM) with In-Screen Fingerprint Reader, Dual Camera's, 6.21"" AMOLED Display, Factory Unlocked - Global Version No Warranty (Transparent Titanium)"	4	26	29399	0
B07K76LBLZ	OnePlus	OnePlus 6T A6013 128GB Storage + 8GB Memory Factory Unlocked 6.41 inch AMOLED Display Android 9 - Mirror Black US Version	42	86	59999	0
B07KB6S8YP	Samsung	Samsung Galaxy Note 9 N960U 128GB T-Mobile GSM Unlocked - Lavender Purple (Renewed)	42	57	40999	0
B07KCQHWTN	Samsung	Samsung Galaxy Note 9 N960U 128GB T-Mobile GSM Unlocked - Ocean Blue	45	9	0	0
B07KFNRQ5S	Apple	Apple iPhone Xs Max, 256GB, Space Gray - Fully Unlocked (Renewed)	41	230	66499	0
B07KJHCQCV	Google	Google Pixel 2 64GB, Google Unlocked Smartphone, Kinda Blue (Renewed)	31	6	158	174
B07KJM21TB	Samsung	Samsung Galaxy J7 J727A 16GB AT&T Branded GSM Unlocked (Black) (Renewed)	36	38	110	0
B07KKL5KGG	Apple	Apple iPhone XS, 256GB, Gold - Fully Unlocked (Renewed)	39	198	57499	0
B07KQFRLDV	Samsung	Samsung Galaxy Note 9 128GB Smartphone for AT&T - Midnight Black (Renewed)	37	14	4567	0
B07KSFL2K5	Samsung	"Samsung Electronics 32GB A6 Factory Unlocked Phone - 5.6"" - Black (U.S. Warranty)"	43	21	333	35999
B07KX1L519	Samsung	Samsung Galaxy A50 A505G 64GB Duos GSM Unlocked Phone w/Triple 25MP Camera - (International Version, no Warranty) - White	41	125	2995	0
B07L543G3M	Samsung	"Samsung Galaxy J3 2018 (16GB) J337A - 5.0"" HD Display, Android 8.0, 4G LTE AT&T Unlocked GSM Smartphone (Black)"	41	137	109	12999
B07L5T18L5	Samsung	Samsung Galaxy S9+ T-Mobile - 64gb - Midnight Black - (Renewed)	38	3	34495	0
B07L6RCH5W	Google	Google Pixel 3, Verizon, 64 GB - Clearly White (Renewed)	14	2	31099	0
B07L78G3D2	Nokia	"Nokia 3 - Android 9.0 Pie - 16 GB - Unlocked Smartphone (AT&T/T-Mobile/Metropcs/Cricket/Mint) - 5.0"" HD Screen - Copper"	27	12	79	0
B07L8FP7RH	Samsung	Samsung Gusto 3, Royal Navy Blue (Verizon Wireless Prepaid) (Renewed)	32	3	9499	0
B07LBPP4J9	Nokia	Nokia 6.1 - Android 9.0 PIE - 32GB microSD - Single Sim Unlocked Smartphone (AT&T/T-Mobile/Metropcs/Cricket/Mint) - 5.Screen - Black	34	40	0	0
B07LDS3WDR	Samsung	Samsung Galaxy Note 9 Verizon Ocean Blue 128GB	47	6	0	0
B07M94R4GF	Samsung	Samsung Galaxy J3 (2018) J377A 16GB Unlocked GSM 4G LTE Phone w/ 8MP Camera - Black (Renewed)	36	34	115	0
B07MF3JM4T	Motorola	"Motorola Moto One - Android One - 64 GB - 13+2 MP Dual Rear Camera - Dual SIM Unlocked Smartphone (at&T/T-Mobile/MetroPCS/Cricket/H2O) - 5.9"" HD+ Display - XT1941-3 - (International Version) (Black)"	41	199	16272	0
B07MF3Y8Y5	Motorola	Motorola G6 (XT1925) 32GB GSM Unlocked Android Smartphone (AT&T/T-Mobile/Mint) - Black (Renewed)	41	73	10096	10799
B07MGKGHGP	Samsung	Samsung Galaxy J3 2018 (16GB) J337A - 5.0in HD Display, Android 8.0, 4G LTE AT&T Unlocked GSM Smartphone (Blue/Silver) (Renewed)	38	54	10499	0
B07MN8QTK1	Motorola	"Motorola Moto G7 Play XT1952 32GB+2GB RAM 5.7"" Max Vision LTE Factory Unlocked (International Model, No Warranty) Deep Indigo"	42	67	134	0
B07MNZWW37	HUAWEI	Huawei Mate 20 Pro LYA-L29 128GB + 6GB - Factory Unlocked International Version - GSM ONLY, NO CDMA - No Warranty in The USA (Twilight) (Renewed)	45	2	48999	0
B07MY7XPNZ	Motorola	AT&T Moto E5 Play with 16GB Memory Prepaid Cell Phone - Black - Carrier Locked to AT&T	41	15	5392	0
B07MZ2TRTC	Sony	Sony Xperia 10 Plus GSM Unlocked Smartphone - Black	35	94	32799	42999
B07N11SM58	Nokia	"Nokia 9 PureView - Android 9.0 Pie - 128 GB - Single Sim Unlocked Smartphone (at&T/T-Mobile/Metropcs/Cricket/H2O) - 5.99"" QHD+ Screen - Qi Wireless Charging - Midnight Blue - U.S. Warranty"	38	61	49999	699
B07N4M412B	Samsung	Samsung Galaxy S10 Factory Unlocked Phone with 128GB - Prism Black	42	346	64999	89999
B07N6MRRKH	Nokia	"Nokia 3310 3G TA-1036 - Factory Unlocked Feature Phone (Compatible with at&T/T-Mobile/MetroPCS/Cricket/H2O) - 2.4"" Screen (Azure)"	39	7	5999	0
B07N6N7JP3	Xiaomi	"Xiaomi MI Mix 3 (128GB, 6GB) 6.39"" Display, Dual SIM 4G LTE GSM Unlocked Multi-Functional Magnetic Slider Smartphone w/Wireless Charging Pad (Black)"	43	79	0	0
B07N7SC1HK	Motorola	Motorola Moto X 4th Generation 64GB Factory Unlocked (Black)	5	1	0	0
B07N91S9MW	Motorola	Moto G7 – Unlocked – 64 GB – Ceramic Black (US Warranty) - Verizon, AT&T, T-Mobile, Sprint, Boost, Cricket, & Metro	41	361	17999	29999
B07N9LN3RC	Motorola	Motorola G7 Play 32GB GSM Nano-SIM Phone w/ 13MP Camera - Deep Indigo	31	10	12999	19999
B07N9M9FX4	Motorola	Moto G7 – Unlocked – 64 GB – Ceramic Black (US Warranty) - Verizon, AT&T, T-Mobile, Sprint, Boost, Cricket, Metro	41	66	0	0
B07NC3N3Z8	Samsung	Samsung Galaxy S10 128GB / 8GB RAM SM-G973F Hybrid/Dual-SIM (GSM Only, No CDMA) Factory Unlocked 4G/LTE Smartphone - International Version (Prism Blue)	43	16	665	0
B07ND4ZN2X	Google	Google Pixel 3 128GB Unlocked - White (Renewed)	46	5	429	0
B07NGDHMKL	HUAWEI	HUAWEI P Smart 2019 Pot-LX3 32GB Unlocked GSM 4G LTE Dual Camera (13MP+2MP) Phone - Coral Red …	42	21	23999	0
B07NLHLC88	Google	Google Pixel 3-64GB - Verizon Unlocked - Just Black (Renewed)	38	6	30788	32999
B07NLMCDN4	Samsung	Samsung Galaxy Note9 Smartphone 6.4in AT&T Android 512GB (Ocean Blue)(Renewed)	1	1	469	0
B07NP2Y82Q	Motorola	"Motorola Moto G7+ Plus (64GB, 4GB RAM) Dual SIM 6.2"" 4G LTE (GSM Only) Factory Unlocked Smartphone International Model, No Warranty XT1965-2 (Deep Indigo)"	41	125	20299	0
B07NP6R2RG	Motorola	"Motorola Moto G7 (64GB, 4GB RAM) Dual SIM 6.2"" 4G LTE (GSM Only) Factory Unlocked Smartphone International Model XT1962-4 No Warranty (Clear White)"	4	108	15399	17999
B07NPRQYP1	Motorola	Moto G7 Power - Unlocked - 64 GB - Marine Blue (No Warranty) - International Model (GSM Only)	4	455	165	29999
B07NQNK5F4	Samsung	Samsung Galaxy S9+ G965U 64GB Lilac Purple - Sprint(Renewed)	38	9	37495	0
B07NQR37VR	Samsung	Samsung Galaxy J3 Emerge J327P SILVER Android Cell Phone - SPRINT (Renewed)	1	1	0	0
B07NRCRFVJ	Samsung	Samsung Galaxy Note8 Certified Pre-Owned Factory Unlocked Phone - 64GB - Black (1 Year Samsung U.S. Warranty) (Renewed)	5	1	39999	0
B07NVWSTHP	Motorola	Motorola Moto Z3 Play 32GB XT1929-3 Deep Indigo - Sprint (Renewed)	5	2	14999	0
B07NWKP41X	Samsung	Samsung Galaxy S10+ Plus 512GB / 8GB RAM SM-G975F/DS Hybrid/Dual-SIM (GSM Only, No CDMA) Factory Unlocked 4G/LTE Smartphone - International Version No Warranty (Ceramic White)	44	40	837	0
B07NWM7V9M	Samsung	Samsung Galaxy S10e 128GB SM-G970F/DS Hybrid/Dual-SIM (GSM Only, No CDMA) Factory Unlocked 4G/LTE Smartphone - International Version No Warranty (Prism Black)	4	8	56899	0
B07NY3D1NM	Samsung	Samsung Galaxy S10e Verizon + GSM Unlocked 128GB Prism Blue	5	1	0	0
B07NYBD9DW	Motorola	Moto X4 Android One Edition - 64GB - Black - Unlocked	42	45	27899	41999
B07NYBSX9V	Samsung	Samsung Galaxy Cellphone - S10 AT&T Factory Unlock (Black, 128GB)	39	10	64398	79999
B07NZVM3RN	Samsung	"Samsung Galaxy S10e 128GB+6GB RAM SM-G970 Dual Sim 5.8"" LTE Factory Unlocked Smartphone (International Model) (Prism Black)"	45	213	54198	0
B07NZX5BKH	Samsung	"Samsung Galaxy S10+ Plus 128GB+8GB RAM SM-G975F/DS Dual Sim 6.4"" LTE Factory Unlocked Smartphone International Model, No Warranty (Prism Black)"	43	193	73999	0
B07NZXXZB2	Samsung	"Samsung Galaxy S10 128GB+8GB RAM SM-G973F/DS Dual Sim 6.1"" LTE Factory Unlocked Smartphone (International Model No Warranty) (Prism White)"	44	300	66999	67389
B07P2H2GZ8	Samsung	Samsung Galaxy Cellphone - S10+ Plus AT&T Factory Unlock (White, 128GB)	45	12	70297	84999
B07P6RLBT7	Samsung	Samsung Galaxy S10+ Plus Verizon + GSM Unlocked 512GB Ceramic Black	5	1	1	0
B07P6Y8L3F	Apple	Apple iPhone XR, 64GB, Red - Fully Unlocked (Renewed)	44	1	49999	0
B07P8MQHSH	Google	Google - Pixel 3 with 64GB Memory Cell Phone (Unlocked) - Just Black	4	157	44661	799
B07PB3WV54	Samsung	Samsung Galaxy S10e Factory Unlocked Phone with 128GB, Prism White (Renewed)	4	189	42999	0
B07PB5BXMZ	Samsung	Samsung Galaxy S10+ Plus Verizon + GSM Unlocked 128GB Blue	5	3	70997	0
B07PB77Z4J	Samsung	Samsung Galaxy S10e Factory Unlocked Phone with 128GB (U.S. Warranty), Prism Blue (Renewed)	4	189	42999	0
B07PHFW8LV	Samsung	Samsung Galaxy S10 SM-G9730 - International Version - No Warranty in The USA - GSM ONLY, NO CDMA (Prism Black, 128GB/8GB) - Prism Black,128GB/8GB	44	9	66895	0
B07PHQ7FBP	Sony	"Sony Xperia 1 Unlocked Smartphone 6.5"" 4K HDR OLED CinemaWide Display, 128GB - Black - (US Warranty)"	45	70	748	94999
B07PKVLDHP	HUAWEI	"Huawei Y6 2019 MRD-LX3 6.09"" Dewdrop Display 32GB 2GB RAM Dual SIM 13MP+ 8MP A-GPS Fingerprint Factory Unlocked No Warranty US (Blue)"	4	24	12897	0
B07PQSYGKB	OnePlus	OnePlus 6T A6013 128GB Mirror Black - T-Mobile (Renewed)	43	52	32995	0
B07PR1Z2BF	Motorola	Moto Z3 Play - Unlocked - 32 GB - Deep Indigo (US Warranty) - Verizon, AT&T, T-Mobile, Sprint	37	33	1745	0
B07PRSPD3Q	Nokia	"Nokia Mobile Nokia 5.1 Plus - Android 9.0 Pie - 32 GB - Dual Camera - Dual Sim Unlocked Smartphone (AT&T/T-Mobile/Metropcs/Cricket/Mint) - 5.86"" 19: 9 HD+ Screen - Black"	33	16	149	0
B07PSHDTFN	Samsung	Samsung A2 Core (SM-A260G/DS) Dual Sim 16GB Factory Unlocked International Version, No Warranty - Blue	36	6	85	0
B07PV7LN4X	Samsung	Samsung Galaxy A30 Dual SIM 32GB (SM-A305G/DS) Unlocked Phone GSM International Version - Blue	42	352	215	0
B07PW9XW1G	HUAWEI	Huawei E8372h-608 Unlocked 150 Mbps 4G LTE Modem + WiFi USB Wingle (4G LTE in USA (AT&T), (2G Tmobile Metro PCS) Digitel Europe, Asia, Middle East and Africa) (Unit + 2 Antennas)	34	3	7999	0
B07PXV5GXJ	Xiaomi	"Xiaomi Redmi 7 32Gb+3GB RAM 6.26"" HD+ LTE Factory Unlocked GMS Smartphone (International Version, No Warranty) - Blue"	44	67	1525	0
B07PY52GVP	Xiaomi	Xiaomi Redmi Note 7, 64GB/4GB RAM, 6.30'' FHD+, Snapdragon 660, Black - Unlocked Global Version	44	630	167	0
B07PZZLR4D	Motorola	"Motorola Moto G7 (64GB, 4GB RAM) Dual SIM 6.2"" 4G LTE (GSM Only) Factory Unlocked Smartphone International Model XT1962-6 International Version No Warranty"	4	16	153	0
B07Q26V49K	Xiaomi	Xiaomi Redmi Note 7, 64GB/4GB RAM, 6.30'' FHD+, Snapdragon 660, Blue - Unlocked Global Version, No Warranty	45	471	166	29999
B07Q2WPMNB	HUAWEI	HUAWEI P30 Pro Factory Unlocked International Version 128GB Black	42	38	68699	0
B07Q2X19LG	HUAWEI	"Huawei P30 128GB+6GB RAM (ELE-L29) 6.1"" LTE Factory Unlocked GSM Smartphone (International Version) (Black)"	45	115	51399	74999
B07Q3T41M4	Xiaomi	"Xiaomi Redmi Note 7 (64GB, 4GB) 6.3"" Display, 48MP + 5MP AI Dual Rear Camera, Global 4G LTE Dual SIM GSM Factory Unlocked (International Model w/ 64GB MicroSD Bundle) (Black)"	45	29	180	0
B07Q6VQ147	Apple	Apple iPhone 7, 128GB, Rose Gold - Fully Unlocked (Renewed)	36	4	21689	0
B07Q6ZNJNT	Samsung	Samsung Galaxy A10 A105M 32GB Duos GSM Unlocked Phone w/ 13MP Camera - Blue	42	411	1675	0
B07Q6ZZ4S1	Xiaomi	"Xiaomi Redmi Note 7 128GB + 4GB RAM 6.3"" FHD+ LTE Factory Unlocked 48MP GSM Smartphone (Global Version, No Warranty) (Neptune Blue)"	43	272	186	0
B07Q84DPZH	Samsung	"Samsung Galaxy A10 32GB (A105M) 6.2"" HD+ Infinity-V 4G LTE Factory Unlocked GSM Smartphone - Black"	41	874	0	0
B07Q88NYCW	Xiaomi	"Xiaomi Redmi Note 7 (32GB, 3GB) 6.3"" Display, 48MP + 5MP AI Dual Rear Camera, Global 4G LTE Dual SIM GSM Factory Unlocked - International Model (Neptune Blue)"	44	40	1495	0
B07Q8BY2Q8	Samsung	Samsung Galaxy A6 SM-A600P 32GB Black (Boost Mobile)(Renewed)	33	4	12495	0
B07QB8QYYZ	Xiaomi	Xiaomi Mi 9 SE Unlocked 6GB/64GB Dual Sim 4G LTE Phone (International Global Version, No Warranty) (Ocean Blue)	44	71	26499	0
B07QB9HMLF	Samsung	Samsung Galaxy Note 9 N960U 128GB T-Mobile GSM Unlocked Phone (Midnight Black) (Renewed)	43	10	41295	0
B07QBJZ34C	Motorola	"Motorola Moto G6 Play 16GB - 5.7"" 4G LTE Unlocked Smartphone, US Version, XT1922-9 (Deep Indigo) (Renewed)"	29	13	8399	8999
B07QC4R451	Samsung	"Samsung Galaxy A10 SM-A105FDS 32GB, Dual Sim, 6.2"" HD + Infinity-V Display, 2GB RAM, GSM Unlocked International Model, No Warranty (Black)"	4	65	159	0
B07QCCW5KB	Xiaomi	"Xiaomi Redmi 7 32Gb+3GB RAM 6.26"" HD+ LTE Factory Unlocked GMS Smartphone (Global Version, No Warranty) (Eclipse Black)"	44	146	149	0
B07QCQ9JRH	Samsung	Samsung Galaxy M10 M105M 16GB Unlocked GSM Phone w/Dual 13 MP & 5 MP Camera - Ocean Blue	41	32	14999	19999
B07QCXPP71	Xiaomi	"Xiaomi Redmi 7 64GB + 3GB RAM 6.26"" HD+ LTE Factory Unlocked GSM Smartphone (Global Version) (Comet Blue)"	45	35	15249	0
B07QD67Z1Y	Samsung	Samsung Galaxy A50 A505F 128GB Dual SIM Unlocked GSM Phone w/ Triple (25MP+8MP+5MP) Camera - Black	37	28	27999	0
B07QFS3L4G	Samsung	Samsung Galaxy M20 M205M 32GB Unlocked GSM Phone w/Dual 13 MP & 5 MP Camera - Charcoal Black	41	29	195	0
B07QGG4654	Samsung	Samsung Galaxy Note 9 N960U 128GB T-Mobile GSM Unlocked Phone (Ocean Blue, 128GB)(Renewed)	43	80	398	0
B07QJ7S66P	HUAWEI	"Huawei Mate 20 Pro (128GB, 6GB RAM) 6.39"" Display, Leica Triple Camera, in-Screen Fingerprint, Global 4G LTE Dual SIM GSM Factory Unlocked LYA-L29 - International Model (Twilight)"	43	12	51999	0
B07QK32C8M	Xiaomi	"Xiaomi Redmi Note 7 128GB + 4GB RAM 6.3"" FHD+ LTE Factory Unlocked 48MP GSM Smartphone (Global Version, No Warranty) (Space Black)"	41	229	17694	0
B07QKPPM6X	Samsung	Samsung Galaxy J2 Core 2018 Factory Unlocked 4G LTE (USA Latin Caribbean) Android Oreo SM-J260M Dual Sim 8MP 16GB (Lavender)	4	8	9958	0
B07QP7WZ1T	Motorola	Motorola Moto G7 Power 32GB+4GB RAM XT1955-2 LTE Factory Unlocked GSM 5000mAh Battery Smartphone (International Version) (Marine Blue)	43	84	175	0
B07QP9CSFT	Motorola	Motorola One XT1941-3 32B Unlocked GSM Dual-SIM Phone w/Dual 13+2 Megapixel Camera - Black	37	22	14798	0
B07QP9R469	Samsung	Samsung Galaxy A70 SM-A705F/DS Dual-SIM (128GB ROM, 6GB RAM, 6.7-Inch, GSM Only, No CDMA) Factory Unlocked 4G/LTE Smartphone - International Version (Black)	37	39	35187	44999
B07QP9ZMQH	Samsung	Samsung Galaxy A40 SM-A405F/DS Dual-SIM (64GB ROM, 4GB RAM, 5.9-Inch, GSM Only, No CDMA) Factory Unlocked 4G/LTE Smartphone - International Version (Black)	42	4	274	0
B07QPTGJP5	Samsung	"Samsung Galaxy A50 (A505) 128GB, Dual-SIM, 6.4"" Infinity-U Display, Triple Camera, GSM Unlocked Smartphone - International Model (White)"	35	42	27899	0
B07QQYHSR5	Samsung	Samsung Galaxy A50 A505G 64GB Duos GSM Unlocked Phone w/Triple 25MP Camera - Blue	42	706	2995	34999
B07QTLB1D9	Nokia	"Nokia 4.2 - Android One (Pie) - 32 GB - 13+2 MP Dual Camera - Dual SIM Unlocked Smartphone (AT&T/T-Mobile/MetroPCS/Cricket/H2O) - 5.71"" HD+ Screen - Black - U.S. Warranty"	33	24	159	189
B07QWNFKFF	Motorola	"Motorola Moto X Force XT1580 64GB Black, 5.4"", Unlocked GSM Smartphone, International Stock, No Warranty"	3	7	129	0
B07QY39QBP	HUAWEI	"Huawei P30 Lite (128GB, 4GB RAM) 6.15"" Display, AI Triple Camera, 32MP Selfie, Dual SIM Global 4G LTE GSM Factory Unlocked MAR-LX3A - International Version (Midnight Black) (Renewed)"	46	3	23899	0
B07QZH7KB9	HUAWEI	Huawei Y7 2019 DUB-LX3 32GB Unlocked GSM Phone w/ Dual 13MP + 2MP Camera - Midnight Black (Renewed)	5	2	14999	0
B07R4PP7FF	Xiaomi	Xiaomi Mi 9 64GB + 6GB RAM - 48MP Ultra High Resolution Camera LTE Factory Unlocked GSM Smartphone (Global Version) (Piano Black)	45	84	3349	0
B07R57VRJ7	Samsung	Samsung Galaxy A70 (SM-A7050) 6GB / 128GB 6.7-inches Dual SIM Factory Unlocked - No Warranty (Blue)	5	1	350	0
B07R5ZYR77	Xiaomi	Xiaomi Mi 9 128GB + 6GB RAM - 48MP Ultra High Resolution Camera LTE Factory Unlocked GSM Smartphone (Global Version, No Warranty) (Piano Black)	47	56	387	0
B07R7DY911	Google	Google - Pixel 3a with 64GB Memory Cell Phone (Unlocked) - Just Black - G020G	43	1	34799	399
B07RB78W37	Motorola	Moto Z4 – Unlocked – 128 GB – Flash Gray (US Warranty) - Verizon, AT&T, T-Mobile, Sprint, Boost, Cricket, Metro - PAF60007US	37	60	39999	49999
B07RCXCPV5	OnePlus	OnePlus 7 Pro Dual Sim Factory Unlocked GM1917 8GB+256GB Mirror Gray (ATT, Verizon, Tmobile) - US Warranty	44	49	0	0
B07RDMLR4V	Apple	Apple iPhone XS Max, 256GB, Gray - For AT&T (Renewed)	41	230	65158	0
B07RFCVTK1	Motorola	Motorola one 4G LTE Cat 6 (XT1941-4) 4GB / 64GB 5.9-inches Dual SIM Factory Unlocked - International Stock No Warranty (White)	4	1	19999	0
B07RG85WY6	Motorola	Moto E6 - Unlocked Smartphone - Global Version - 16GB - Starry Black (US Warranty) - Verizon, AT&T, T-Mobile, Sprint, Boost, Cricket, & Metro	29	14	9999	14999
B07RJ16QXJ	Motorola	Motorola One - 64GB - Black/White - Unlocked (Black)	29	4	17999	0
B07RJZH9N2	Samsung	"Samsung Galaxy A50 (64GB, 4GB RAM) 6.4"" Display, 25MP, Triple Camera, Global 4G LTE GSM Factory Unlocked A505G (International Model w/ 64GB MicroSD Bundle) (White)"	41	21	0	0
B07RKYQSRB	Apple	Apple iPhone Xs Max, AT&T, 64GB - Gray - (Renewed)	42	13	61999	0
B07RL93F7T	Samsung	"Samsung Galaxy A50 SM-A505G 64GB 4GB RAM 25 MP 6.4"" Factory Unlocked- Black (Renewed)"	38	18	26498	0
B07RM6QYWC	Samsung	Samsung Galaxy Note 9 SM-N960U 128GB Ocean Blue - Verizon (Renewed)	39	28	399	0
B07RSSVMH8	Motorola	Motorola G7 Play 32GB GSM Nano-SIM Phone w/ 13MP Camera - Deep Indigo (Renewed)	1	1	12108	18999
B07RSYRG3R	Motorola	Motorola Z3 Play - 32GB - Unlocked (AT&T/Sprint/T-Mobile/Verizon) - Deep Indigo (Deep Indigo)	37	10	0	0
B07RT1X4FJ	Apple	Apple iPhone XS, 256GB, Gray - For AT&T (Renewed)	39	198	57377	0
B07RWFC6NY	Samsung	"Samsung Galaxy A70 128GB/6GB SM-A705M/DS 6.7"" HD+ Infinity-U 4G/LTE Factory Unlocked Smartphone (International Version , No Warranty) (Blue)"	44	586	33499	3545
B07RZ8QFV1	Samsung	Samsung Galaxy Note 9 N960U 128GB T-Mobile GSM Unlocked - Midnight Black	45	9	0	0
B07S41W46Y	HUAWEI	"Huawei P30 Lite (128GB, 4GB RAM) 6.15"" Display, AI Triple Camera, 32MP Selfie, Dual SIM US + Latin 4G LTE GSM Factory Unlocked MAR-LX3A - International Version (Peacock Blue, 128GB + 64GB SD Bundle)"	44	18	268	0
B07S4755CM	OnePlus	OnePlus 7 Pro 256GB ROM 8GB RAM Factory Unlocked 6.67 inch QHD+ AMOLED 90Hz Display Dual SIM Mirror Gray	45	28	645	6879
B07S95SLP6	Samsung	Samsung Galaxy S7 Edge G935P SM-G935P 32GB - Sprint & GSM Unlocked (Black Onyx)	5	1	0	0
B07SB1S9TL	Samsung	"Samsung Galaxy A20 (32GB, 3GB RAM) 6.4"" Super AMOLED, Infinity-V Display, Fast Charge 4000mAh Battery, US & Global 4G LTE Dual SIM GSM Factory Unlocked A205G/DS - International Model (Black, 32GB)"	4	55	197	0
B07SBJPYLW	Motorola	Motorola One Vision (128GB) 6.3' Full HD Display, 48MP Camera, Dual SIM US + GLOBAL 4G LTE GSM Factory Unlocked XT1970-1 - International Version (Blue)	43	56	240	270
B07SCJNSRT	Samsung	"Samsung Galaxy A10 32GB A105G/DS LTE Unlocked GSM 6.2"" HD+ Smartphone - International Version, No Warranty (Blue)"	42	100	14998	0
B07SD888PR	Samsung	"Samsung Galaxy A10 (32GB, 2GB RAM) 6.2"" HD+ Infinity-V Display, Android Pie, Samsung One UI, US + Global 4G LTE Dual SIM GSM Factory Unlocked A105M/DS - International Model (Black, 32GB)"	42	15	1599	0
B07SFZ88SY	Samsung	Samsung Galaxy Note 9 N960U 128GB Sprint - Ocean Blue (Renewed)	38	4	40895	0
B07SMBJX7X	Motorola	Verizon Prepaid 4G Smartphone - Motorola Moto E5 Go - Black - Carrier Locked to Verizon Prepaid	5	5	6457	0
B07SQB46KY	Samsung	Samsung Galaxy S10e Verizon + GSM Unlocked 128GB Prism Black (Renewed)	33	15	45995	0
B07SRD34FJ	Samsung	Samsung Galaxy S10+ Plus Verizon + GSM Unlocked 128GB Flamingo Pink (Renewed)	3	1	59498	0
B07SRD6SVX	Samsung	Samsung Galaxy S10e Verizon + GSM Unlocked 128GB Prism White (Renewed)	33	15	45895	0
B07SS3KS2L	Motorola	Moto Z4 – Unlocked – 128 GB – (US Warranty) - Verizon, AT&T, T-Mobile, Sprint, Boost, Cricket, Metro (W/ 360 Camera Mod) (Flash Gray)	1	1	39999	0
B07SSCV7SS	Samsung	Samsung Galaxy S10e (SM-G970U) GSM Unlocked + Verizon - 128GB / Prism Blue (Renewed)	1	1	415	43497
B07STDQDKF	Samsung	Samsung Galaxy S10 Verizon + GSM Unlocked 128GB Prism White (Renewed)	33	10	53495	0
B07STFZQ9Y	Samsung	Samsung Galaxy S10 Verizon + GSM Unlocked 128GB Prism Blue (Renewed)	33	10	59699	0
B07SVFGKCJ	Samsung	Samsung Galaxy S10+ Plus Verizon + GSM Unlocked 128GB Prism Black (Renewed)	31	14	53899	0
B07SVFJ3P5	Samsung	Samsung Galaxy S10+ Plus Verizon + GSM Unlocked 128GB Prism White (Renewed)	15	5	53999	0
B07SVPKTYK	Apple	Verizon Prepaid - Apple iPhone 6S (32GB) - Space Gray	22	4	21163	24999
B07SWFLKYW	Nokia	"Nokia 2.2- Android 9.0 Pie - 32 GB - Single Sim Unlocked Smartphone (AT&T/T-Mobile/Metropcs/Cricket/Mint) - 5.71"" HD+ Screen - Black - U.S. Warranty"	36	8	139	0
B07T3KMJW8	Mimarca	Redmi 7A 2+16Gb Black EU	38	5	9999	0
B07T6JXP9J	Motorola	Moto Z3 Play - Unlocked - 32 GB - Deep Indigo (US Warranty) - Verizon, AT&T, T-Mobile, Sprint (Renewed)	45	2	18995	0
B07T7MM64L	Xiaomi	"Xiaomi Mi 9T (128GB, 6GB RAM) 6.39"" AMOLED FHD + Full Screen Display, 48MP Triple Camera, Global 4G LTE Dual SIM GSM Factory Unlocked (Carbon Black)"	45	94	29898	0
B07T9G946J	Nokia	Nokia 3.1 4G LTE Dual Sim Factory Unlocked 16GB 2GB RAM Android 9 Octa Core	34	2	12999	0
B07TB7DJ2J	Xiaomi	"Xiaomi Redmi 7A (32GB, 2GB RAM) 5.45"" Display, Face ID, Dual SIM GSM Factory Unlocked (US + Global 4G LTE International Model) (Black)"	41	16	9999	0
B07TD6F34D	Samsung	Samsung Galaxy Note 9 128GB - Lavender Purple - Verizon Wireless (Renewed)	5	1	42899	0
B07TDC7BKR	Samsung	"Samsung Galaxy A20 SM-A205GDS 32GB, Dual Sim, 6.4"" Infinity-V Display, Dual Rear Camera, 3GB RAM, GSM Unlocked International Model, No Warranty (Red)"	41	89	190	0
B07TDMZ849	Samsung	"Samsung Galaxy J2 Pure Unlocked 4G LTE J260AZ 16GB Quad Core LCD 5"" 8MP Android 8.1 Desbloqueado"	1	1	949	0
B07TDNCVW2	Samsung	Samsung Galaxy S10+ Plus Verizon + GSM Unlocked 128GB Blue (Renewed)	24	14	57495	0
B07TKQ8QYW	Motorola	"Motorola Moto G7 Play XT1952 32GB+2GB RAM 5.7"" Max Vision LTE Factory Unlocked (International Model, No Warranty) Deep Indigo (Renewed)"	4	3	1289	0
B07TVW6QY5	Samsung	Samsung Galaxy Cellphone S10+ Plus AT&T T-Mobile GSM Unlock (White, 128GB) (Renewed)	5	1	569	0
B07TYW7CSS	Samsung	Samsung Galaxy A80 SM-A805F/DS 128GB Dual-SIM (GSM Only, No CDMA) Factory Unlocked 4G/LTE Smartphone - International Version (Phantom Black)	45	23	47498	0
B07V3TL48P	OnePlus	OnePlus 6T A6013 128GB Mirror Black - US Version T-Mobile GSM Unlocked Phone (Renewed)	44	94	33295	0
B07V5KS95Y	Samsung	Samsung Galaxy Note 10+ Plus Factory Unlocked Cell Phone with 512GB (U.S. Warranty), Aura Black/ Note10+	43	475	99999	1
B07V5NSD8N	Samsung	"Samsung Galaxy A80 SM-A805F/DS Dual Sim (Factory Unlocked) 6.7"" 128GB 8GB RAM (Ghost White)"	47	17	49999	0
B07VB9MMMW	Xiaomi	Xiaomi Mi A3 64GB, 4GB RAM 6.1' 48MP AI Triple Camera LTE Factory Unlocked Smartphone (International Version) (Kind of Grey)	45	252	163	0
B07VD3JH2C	Xiaomi	Xiaomi Mi A3 64GB + 4GB RAM, Triple Camera, 4G LTE Smartphone - International Global Version (Not just Blue)	45	252	174	0
B07VFPMT2Q	Samsung	"Samsung Galaxy A20 (32GB, 3GB RAM) 6.4"" Super AMOLED, Fast Charge 4000mAh Battery, US & Global 4G LTE GSM Factory Unlocked A205G - International Model (Black, 32GB + 32GB SD Bundle (Single SIM))"	39	17	195	0
B07VGTHTGN	Samsung	"Samsung Galaxy A70 128GB/6GB SM-A705MN/DS 6.7"" HD+ Infinity-U 4G/LTE Factory Unlocked Smartphone (International Version, No Warranty) (Black) (Renewed)"	1	2	32999	0
B07VGTS8MJ	Samsung	"Samsung Galaxy A10 (32GB, 2GB RAM) 6.2"" Infinity-V Display, Android 9.0 Pie, US + Global 4G LTE Dual SIM Factory Unlocked A105M/DS - GSM International Model (Red, 32GB + 64GB SD Bundle)"	43	7	15842	0
B07VHRFGV2	Nokia	Nokia 106 Single Sim (2018) TA-1190 Dual-Band (850/1900) Factory GSM Unlocked Feature Phone (International Model)	34	29	2772	0
B07VPMYXST	Xiaomi	Xiaomi Mi A3 128GB + 4GB RAM, Triple Camera, 4G LTE Smartphone - International Global Version (Not just Blue)	46	92	18395	0
B07VPXDV59	Samsung	"Samsung Galaxy A70 (128GB, 6GB RAM) 6.7"" in-Screen Fingerprint, 25W Super-Fast Charger, US + Global 4G LTE GSM Unlocked International Model A705MN/DS (Black, 128GB + 128GB SD + Case Bundle)"	45	78	3695	0
B07VYP6VLS	HUAWEI	"Huawei Y9 Prime 2019 (128GB, 4GB RAM) 6.59"" Display, 3 AI Cameras, 4000mAh Battery, Dual SIM GSM Factory Unlocked - STK-LX3, US & Global 4G LTE International Model (Midnight Black, 128 GB)"	43	45	229	0
B07VZL1W7K	Samsung	"Samsung Galaxy A50 US Version Factory Unlocked Cell Phone with 64GB Memory, 6.4"" Screen, Black, [SM-A505UZKNXAA]"	4	288	27499	34999
B07VZL3L5V	Samsung	"Samsung Galaxy A20 US Version Factory Unlocked Cell Phone with 32GB Memory, 6.4"" Screen, [SM-A205UZKAXAA], 12 Month Samsung US Warranty, GSM & CDMA Compatible, Black"	44	915	24999	0
B07W14HFQP	Motorola	Motorola Moto G4 Play (4th Generation) 16GB 4G LTE Unlocked ONLY GSM 5 Inches International Version No Warranty (White)	36	133	129	0
B07W166JW7	Samsung	"Samsung Galaxy A50 128GB, 4GB RAM 6.4"" Display, 25MP, Triple Camera, Global 4G LTE Dual SIM GSM Factory Unlocked A505G/DS - International Model (Blue, 128 GB)"	47	4	28687	0
B07W7VBHRC	Google	Google - Pixel 3a XL with 64GB Memory Cell Phone (Unlocked) - Clearly White (Renewed)	31	11	33597	0
B07WCCNV2D	Xiaomi	"Xiaomi Redmi Note 7 (64GB, 4GB RAM) 6.3"" Display, 48MP + 5MP AI Dual Rear Camera, Dual SIM GSM Factory Unlocked - US & Global 4G LTE International Model (Moonlight White)"	36	5	17987	18987
B07WGR47L9	HUAWEI	"Huawei Y5 2019 AMN-LX3 Dual SIM 32GB+2GB RAM 5.71"" Display Factory Unlocked (International Version) (Modern Black)"	45	20	10497	0
B07WHKYDV3	Samsung	"Samsung Galaxy Note 10 SM-N970F/DS 256GB 8GB RAM (Factory Unlocked) 6.3"" (GSM ONLY, No CDMA) - International Version (Aura Glow)"	5	2	79999	0
B07WJJFKYW	Motorola	Motorola One Action - Unlocked Smartphone - Global Version - 128GB - Denim Blue (US Warranty) - Verizon, AT&T, T-Mobile, Sprint, Boost, Cricket, Metro	38	21	24999	34999
B07WKSVF6X	Samsung	"Samsung Galaxy A50 128GB, 4GB RAM 6.4"" Display, 25MP, Triple Camera, Global 4G LTE Dual SIM GSM Factory Unlocked A505G/DS - International Model (Black, 128GB + 128GB SD + Case Bundle)"	41	23	2995	0
B07WNSK9C1	Motorola	Motorola One Action - Made for Latin America & Brazil - (Grey, 128GB, 4GB RAM) - Unlocked - GSM Latin American & Brazilian Bands - (Missing Specific U.S. GSM Bands) - No Warranty - No CDMA - XT2013-1	3	2	23999	2599
B07WP6ZLL8	Samsung	Samsung Galaxy Note 10+ N975F/DS 256GB, 6.8' Dynamic AMOLED Screen, 12GB RAM, Quad Camera, 4K UHD Factory Unlocked LTE Smartphone - (International Version) (Aura Black)	36	7	848	0
B07WSJYDXX	Motorola	Motorola G6 – 32 GB – Unlocked (AT&T/Sprint/T-Mobile/Verizon) – Deep Indigo - (U.S. Warranty) - PAAE0011US	39	836	11999	24999
B07WSXH2W2	Motorola	"Motorola Moto E5 (16GB, 2GB) 5.7"" Display, 4000 mAh All Day Battery, FM radio - (GSM+AT&T+Tmobile + Verizon) Factory Unlocked 4G LTE Smartphone - XT1920DL (US Warranty) (Gray)"	44	45	8999	0
B07WVRJQ7V	Samsung	"Samsung Galaxy S9 (64GB, 4GB RAM) 5.8"" QHD+ Display, IP68 Water Resistance, 3000mAh Battery - GSM/CDMA Unlocked (AT&T/T-Mobile/Verizon/Sprint) w/US Warranty - SM-G960U (Midnight Black)"	44	23	52999	0
B07WW25BSV	Xiaomi	Xiaomi Mi A3 128GB, 4GB RAM 6.1' 48MP AI Triple Camera LTE Factory Unlocked Smartphone (International Version) (Kind of Grey)	46	92	188	0
B07WXKWDT2	Motorola	"Motorola Moto G7 Play (32GB, 2GB RAM) 5.7"" HD+ Max Vision Display, Dual SIM GSM Factory Unlocked - XT1952-1, US & Global 4G LTE International Model (Deep Indigo, 32 GB)"	38	17	13299	13999
B07X5RRZFP	Xiaomi	"Xiaomi Mi 9T Pro (128GB, 6GB RAM) 6.39"" Display, Snapdragon 855, AI Rear Triple Camera, Dual SIM GSM Factory Unlocked - US & Global 4G LTE International Version (Glacier Blue)"	44	49	374	0
B07X5SHN81	Xiaomi	"Xiaomi Mi 9T Pro (128GB, 6GB RAM) 6.39"" Display, Snapdragon 855, AI Rear Triple Camera, Dual SIM GSM Factory Unlocked - US & Global 4G LTE International Version (Carbon Black)"	45	76	38997	0
B07X5VF1FM	Xiaomi	"Xiaomi Mi 9T Pro (128GB, 6GB RAM) 6.39"" Display, Snapdragon 855, AI Rear Triple Camera, Dual SIM GSM Factory Unlocked - US & Global 4G LTE International Version (Flame Red)"	43	44	379	0
B07XF928ZP	Sony	Sony Xperia 5 Unlocked Smartphone	41	17	798	0
B07XJ5RSX3	Motorola	Motorola Moto E6 Smartphone with 16GB Memory, Unlocked - Starry Black	5	1	9999	0
B07XQJ33PL	Samsung	"Samsung Galaxy A10s (32GB, 2GB RAM) 6.2"" HD+ Infinity-V Display, 13MP+2MP Dual Rear Camera+8MP Front Facing Camera- 4G LTE Dual SIM GSM Factory Unlocked A107M/DS (Latin Specs M (Black, Dual SIM)"	42	98	13599	14247
B07XVMYN2N	Motorola	"Motorola Moto E6 Plus (32GB, 2GB RAM) 6.1"" Max Vision Screen, 3000mAh Removable Battery, Hotspot, FM Radio, US + Global 4G LTE Dual SIM GSM Factory Unlocked XT2025-1 - International Model (Graphite)"	44	5	13498	0
B07XVNDQMR	OnePlus	OnePlus 6T A6013 Dual Sim 128GB/8GB (Mirror Black) - Factory Unlocked - GSM ONLY, NO CDMA (Renewed)	44	31	33995	0
B07XVS6NQH	Samsung	Samsung Galaxy Note 9 N960U 128GB CDMA + GSM Unlocked Smartphone	37	7	74999	0
B07XVZXR5Y	Nokia	"Nokia 7.2 - Android 9.0 Pie - 128 GB - 48MP Triple Camera - Unlocked Smartphone (AT&T/T-Mobile/MetroPCS/Cricket/Mint) - 6.3"" FHD+ HDR Screen - Charcoal - U.S. Warranty"	4	49	329	349
B07XW28MHX	Nokia	"Nokia 6.2 - Android 9.0 Pie - 64 GB - Triple Camera - Unlocked Smartphone (AT&T/T-Mobile/MetroPCS/Cricket/Mint) - 6.3"" FHD+ HDR Screen - Black - U.S. Warranty"	41	17	249	0
B07XWVPRWZ	Motorola	Moto G7 Play - Unlocked - 32 GB - Deep Indigo (US Warranty) for AT&T, T-Mobile, Sprint, Boost, Cricket, & Metro - PAE80011US (Renewed)	31	5	13627	0
B07XZJG7V9	Samsung	Samsung Galaxy S10 Plus G975U 128GB T-Mobile GSM Unlocked - Prism Black (Renewed)	5	1	59995	0
B07XZMGC3J	Motorola	"Motorola One Zoom 128GB, 4GB RAM XT2010-1, 48MP Sensor Quad Pixel, 6.4"" Full HD+ LTE Factory Unlocked Smartphone - International Version (Grey Techno)"	43	5	46995	47999
B07Y336C8S	Xiaomi	Xiaomi Mi 9 Lite 64GB + 6GB RAM, 6.39” AMOLED FHD+ LTE 48MP AI Triple Camera Factory Unlocked Smartphone - Global Version (Aurora Blue)	5	2	248	0
B07Y4YJ98Z	Xiaomi	Xiaomi Mi 9 Lite 128GB + 6GB RAM, 6.39” AMOLED FHD+ LTE 48MP AI Triple Camera Factory Unlocked Smartphone - Global Version (Pearl White)	47	40	28897	0
B07Y8Q17N9	Xiaomi	"Xiaomi Mi 9 Lite (64GB, 6GB RAM) 6.39"" Display, Dual SIM GSM Factory Unlocked - US & Global 4G LTE International Version (Onyx Grey, 64 GB)"	44	4	24945	0
B07Y8XK9GC	Xiaomi	"Xiaomi Redmi Note 8 Pro (64GB, 6GB) 6.53"", 64MP Quad Camera, Helio G90T Gaming Processor, Dual SIM GSM Unlocked - US & Global 4G LTE International Version (Pearl White, 64 GB)"	45	148	216	0
B07Y8YWTFL	Xiaomi	"Xiaomi Redmi Note 8 Pro 64GB, 6GB RAM 6.53"" LTE GSM 64MP Factory Unlocked Smartphone - Global Model (Mineral Grey)"	45	148	21475	34999
B07YBHNTSK	Google	Google Pixel 3a XL Verizon Just Black, 64GB (Renewed)	5	1	34494	0
B07YBVZ2PW	ASUS	ASUS ROG Phone 2 (ZS660KL) Smartphone 128GB ROM 8GB RAM Snapdragon 855 Plus 6000 mAh NFC Android 9.0 - GSM Only International Version, No Warranty (Black)	37	6	629	0
B07YF4PB4R	Xiaomi	"Xiaomi Mi 9 Lite (128GB, 6GB RAM) 6.39"" Display, Dual SIM GSM Factory Unlocked - US & Global 4G LTE International Version (Aurora Blue, 128 GB)"	41	6	28947	0
B07YJHXZT6	Xiaomi	"Xiaomi Redmi Note 8 64GB + 4GB RAM, 6.3"" LTE 48MP Factory Unlocked GSM Smartphone - International Version (Moonlight White)"	46	103	16851	29999
B07YMNLXL3	Google	Google Pixel 4 - Just Black - 64GB - Unlocked	42	241	6688	799
B07YN4TPDW	Xiaomi	"Xiaomi Redmi Note 8 (64GB, 4GB) 6.3"" Display, Snapdragon 665, 48MP Quad Camera, Dual SIM GSM Factory Unlocked - US & Global 4G LTE International Version (Space Black, 64GB +Case Bundle)"	37	11	179	0
B07YQ58NPF	Xiaomi	"Xiaomi Redmi Note 8 Pro 128GB, 6GB RAM 6.53"" LTE GSM 64MP Smartphone - Global Model (Mineral Grey)"	46	127	23578	39999
B07YSSGS7C	Samsung	Samsung Galaxy S10e G970U Sprint + GSM Unlocked 256GB (U.S. Warranty), Flamingo Pink (Renewed)	1	1	49095	0
B07YVGVQKL	Samsung	"Samsung Galaxy A50 SM-A505G 128GB, Dual Sim, 6.4"" Infinity-U Display, Triple Camera, 4GB RAM, GSM Unlocked International Model, No Warranty (White)"	33	7	28599	0
B07YVH6QRT	Samsung	"Samsung Original Galaxy Watch Active2 w/; auto Workout Tracking, and pace Coaching Enhanced Sleep Tracking Analysis Stainless Steel CASE and Leather Band (International Model) (Black, 44mm) No LTE"	39	8	37999	0
B07YZLRS3Z	Xiaomi	"Xiaomi Redmi Note 8 64GB + 4GB RAM, 6.3"" LTE 48MP Factory Unlocked GSM Smartphone - International Version (Space Black)"	46	103	168	0
B07YZS1PBD	Motorola	"Motorola Moto E6 Plus (64GB, 4GB) 6.1"", 3000mAh Removable Battery, FM Radio, US + Global 4G LTE Dual SIM GSM Factory Unlocked XT2025-1 - International Model (Graphite, 64 GB)"	43	3	15999	0
B07YZS6QT3	Samsung	"Samsung Galaxy A30S w/On-Screen Fingerprint (64GB, 4GB) 6.4"", Triple Camera, Dual SIM GSM Unlocked A307G/DS - US + Global 4G LTE International Model (64GB + 64GB SD + Case Bundle) (Black)"	45	26	221	0
B07Z3XZDT5	Samsung	Samsung Galaxy Note 10 Factory Unlocked Cell Phone with 256GB (U.S. Warranty), Aura Black/ Note10 (Renewed)	35	18	594	629
B07Z41LHPB	Samsung	Samsung Galaxy Note 10+ Plus 256GB GSM Unlocked Smartphone, Aura Glow / Silver (Renewed)	28	11	659	0
B07Z8BL2VW	Xiaomi	"Xiaomi Redmi 8A (32GB, 2GB RAM) 6.22"" HD Display, Snapdragon 439, 5000mAh Battery, Dual SIM GSM Unlocked - US & Global 4G LTE International Version (Midnight Black, 32 GB)"	44	9	11298	0
B07ZDJ6V5S	OnePlus	Oneplus 7 Pro GM1910 256GB, 8GB, Dual Sim, 6.67 inch, 48MP Main Lens Triple Camera, GSM Unlocked International Model, No Warranty (Nebula Blue) (Renewed)	1	1	49995	0
B07ZDJCL76	Samsung	Samsung Galaxy A20s A207/DS, 32GB/3GB RAM Dual SIM 6.5''HD+ Snapdragon 450, Factory Unlocked (International Version) - (Black)	44	52	17494	0
B07ZG6W4S2	Motorola	"Motorola Moto G8 Play XT2015-2 (32GB) 6.2"" (19:9) HD+ 4G LTE GSM Factory Unlocked Smartphone (International Version) (Obsidian Grey)"	41	8	17198	19999
B07ZGHYFZ4	Xiaomi	Xiaomi Mi Note 10 128GB 108MP Penta Camera 6.47? LTE Factory Unlocked Smartphone (International Version) (Glacier White)	5	3	48657	51482
B07ZHPCJW3	OnePlus	OnePlus 7T 8GB RAM 128GB ROM Factory Unlocked 6.55 inch AMOLED 90Hz Display Dual SIM Frosted Silver US Warranty	32	5	609	6425
B07ZP9ZWFM	Google	Google Pixel 3a G202G with 64GB Memory Cell Phone (Unlocked) - Just Blak (Renewed)	5	2	3528	0
B07ZPJBN55	Motorola	"Motorola Moto G8 Play (32GB, 2GB RAM) 6.2"" HD+ Display, Dual SIM GSM Unlocked (at&T/T-Mobile/MetroPCS/Cricket/H2O) - XT2015-2 - International Version (Obsidian Grey, 32GB + 64GB SD + Case Bundle)"	41	8	18999	0
B07ZPKBL9V	Apple	Apple iPhone 11, 64GB, Unlocked - Red (Renewed)	5	1	65999	0
B07ZPKZSSC	Apple	Apple iPhone 11 Pro, 64GB, Fully Unlocked - Space Gray (Renewed)	1	1	949	0
B07ZQSGP53	Xiaomi	"Xiaomi Redmi Note 8, 32GB/3GB RAM 6.3"" FHD+ Display Snapdragon 665, Dual SIM Factory Unlocked Global Version (Space Black)"	46	3	15096	0
B081H6STQQ	Sony	Sony Xperia 1 Unlocked Smartphone and WH1000XM3 Wireless Noise Cancelling Heaphones	45	70	948	0
B081TJFVCJ	Apple	Apple iPhone X, 64GB, Gray - Fully Unlocked (Renewed)	5	1	47897	0
B0825BB7SG	Samsung	"Straight Talk Samsung Galaxy A10e Smartphone 5.8"" 32GB Memory 8MP Camera"	5	1	139	13926
